优秀的iOS、Android自动化测试框架Appium,¥ 59.00,黄延胜,测试架构师,先后工作于阿里巴巴，百度，创新工场，testin 目前为oneapm的测试架构师． ８年以上的行业一线测试实践经验，专注于测试行业的技术和实践研究与应用．,,No category path,/files/course/2015/03-25/142817115885019097.jpg?osf_v5.1.7,No video length,No start date,No end date,No expire date,no 3rd platform,no teacher rating,school URL,school Name,type,stars-0,(0人),54人,课程背景 Appium是一个开源、跨平台的测试框架，可以用来测试原生及混合的移动端应用。Appium支持IOS、Android及FirefoxOS平台。Appium使用WebDriver的json wire协议，来驱动Apple系统的UIAutomation库、Android系统的UIAutomator框架。Appium对IOS系统的支持得益于Dan Cuellar’s对于IOS自动化的研究。Appium也集成了Selendroid，来支持老android版本。 使用Appium进行自动化测试有两个好处： 1. Appium在不同平台中使用了标准的自动化APIs，所以在跨平台时，不需要重新编译或者修改自己的应用。 2. Appium支持Selenium WebDriver支持的所有语言，如java、Object-C、JavaScript、Php、Python、Ruby、C#、Clojure，或者Perl语言，更可以使用Selenium WebDriver的Api。Appium支持任何一种测试框架。如果只使用Apple的UIAutomation，我们只能用javascript来编写测试用例，而且只能用Instruction来运行测试用例。同样，如果只使用Google的UIAutomation，我们就只能用java来编写测试用例。Appium实现了真正的跨平台自动化测试。,课程大纲 1. 移动测试介绍 2. appium原理 3. appium使用场景 4. appium使用方法 5. appium的优缺点 6. 移动测试实践建议,http://www.osforce.cn/course/332,instruction,collected_count,purchased_count
基于全球云平台的SaaS业务面临的挑战与难题,免费,何全,,何全，多备份技术总监，先后就职于盛大、UCloud、天品网、多备份等互联网企业，先后任职于技术主管、开发经理、技术总监等职位，拥有丰富的从后端服务到前端用户层的一线开发经验，对各种云平台基础设施的研发及部署有丰富的实战经验。,,No category path,/files/course/2015/03-20/2116248d5154603160.jpg?osf_v5.1.7,No video length,No start date,No end date,No expire date,no 3rd platform,no teacher rating,school URL,school Name,type,stars-0,(0人),26人,课程背景 2014年是云计算发展如火如荼的一年。据中国产业投资决策网提供的数据，中国云计算市场2014年规模达1174.1亿元，较上年增长了81.4%。 在云计算这样的环境下，2014年企业级SaaS服务和企业移动应用便成了最大亮点。传统管理厂商增长乏力，如在线ERP、CRM、OA、在线客户和网络营销;而工具型SaaS厂商大行其道，增长快速。如企业管理软件，APM应用性能管理，应用服务器安全等。,课程大纲 多备份是什么？ 多备份SaaS架构：需求挑战 多备份构建思路 多备份整体架构 多备份架构-实际部署 系统设计优化挑战点,http://www.osforce.cn/course/331,instruction,collected_count,purchased_count
微信公众平台开发基础,¥ 99.00,韦玮,工信部高级网络营销师，百度知道资深创业行家，国家专利发明人,"本期嘉宾：韦玮 工信部高级网络营销师，百度知道资深创业行家，国家专利发明人 千月枫痕文学网站长，百度知道资深创业行家[2] ，国家专利发明者[3] ，51CTO签约讲师[4] ,极客学院实战布道师，CSDN学院签约讲师，国家工信部高级网络营销师，按键精灵六级认证开发者",,No category path,/files/course/2015/03-31/155156cdc8e9161488.jpg?osf_v5.1.7,No video length,No start date,No end date,No expire date,no 3rd platform,no teacher rating,school URL,school Name,type,stars-0,(0人),18人,课程背景 微信开发即微信公众平台开发，将企业信息、服务、活动等内容通过微信网页的方式进行表现，用户通过简单的设置，就能生成微信3G网站。通过微信公众平台将企业品牌展示给微信用户，减少宣传成本，建立企业与消费者、客户的一对一互动和沟通，将消费者接入企业CRM系统，进行促销、推广、宣传、售后等。 微信已经全面进入人们的生活，微信公众平台也就此兴起，本期课程韦老师将带领大家一起学习微信公众平台的开发。 让学员学会如何开发微信公众平台。,课程大纲 一、十分钟认识微信公众平台 二、微信公众平台如何进行数据交互 三、了解开发工具-Zendstudio 四、了解开发工具-AppServ 五、开发编程技术基础讲解1 六、开发编程技术基础讲解2 七、开发环境的部署-BAE 八、开发环境的部署-SAE,http://www.osforce.cn/course/337,instruction,collected_count,purchased_count
人机交互新时代：自然用户界面,免费,赵戈,Adobe ACP，MVP，社区版主，Flash专家咨询委员会、创意大学专家委员会委员，运维管理中心教育专家；同济大学校外专家。​,十多年，始终致力于基于Flash平台的研究、设计开发、认证培训和宣传推广。,,No category path,/files/course/2015/03-27/151956c9efa2084498.jpg?osf_v5.1.7,No video length,No start date,No end date,No expire date,no 3rd platform,no teacher rating,school URL,school Name,type,stars-0,(0人),56人,课程背景 自然用户界面（Natural User Interface，NUI）是新一代的人机交互界面。是指让人们用自然的方式实现人机交互的用户界面。自然用户界面基于人类本能的交互模式，如视觉、声音、运动、表情、肢体语言等。 虽然大众对这次即将到来的大革新依然无知无觉，微软、谷歌、英特尔、苹果等业界巨头却都在加大投入，不断推出NUI产品，力争抢占先机。有创意和眼光的小公司也在努力推出各种小型智能产品，抢占市场。 作为设计师与开发者的我们，不能再继续无视NUI的存在。否则当NUI大潮普及的那一天到来，如果你还在迷恋鼠标、键盘和触摸屏，如果你还只懂得GUI设计与开发，那就悲剧了……,课程大纲 一、自然用户界面的概念 1. 定义 2. 意义 3. 组成 4. 标准 5. 应用 6. 历史 7. 未来 二、基于自然用户界面的产品设计与开发项目实例 1. 开发环境配置 2. 常用软硬件介绍 3. 项目实战（请提前准备好Kinect、Leap Motion、RealSense等硬件设备）,http://www.osforce.cn/course/336,instruction,collected_count,purchased_count
I18N 与 Language Encoding,¥ 59.00,翁嘉颀,Openfind 资深副总经理，台湾大学资讯工程系毕业，纽约州立大学硕士,"从 12 岁开始坐在电脑前面，18 岁开始编程，至今超过 26 年，用过语言超过 30 种。熟悉搜索引擎，邮件系统，邮件安全，个等级工程师培训，Solid programming。Openfind 资深副总经理，台湾大学资讯工程系毕业，纽约州立大学硕士。从 12 岁开始坐在电脑前面，18岁开始编程，至今编程超过 26 年，用过超过 30 种语言。专长为搜索引擎，邮件安全，邮件系统，Algorithm, AI, Programming language, 以及各种工程师训练将近 20 年。",,No category path,/files/course/2015/03-26/140902ec9498555277.jpg?osf_v5.1.7,No video length,No start date,No end date,No expire date,no 3rd platform,no teacher rating,school URL,school Name,type,stars-5,(1人),115人,课程背景 相信很多人听过 GB2312，Unicode，UTF-8，UCS-2，UCS-4，UTF-16，UTF-32，但是到底什么是什么？哪来的那么多名词，总是看得眼花缭乱。 iPhone 手机上的联络人是什么编码? 小米手机上的联络上又是什么编码？如果想要在不同手机上同步这些联络人信息，需要额外注意吗? 开发一个中文软件花了 5 个月，如果要转换成英文版需要额外花多少时间？法文版？泰文版？韩文版？还有最可怕的阿拉伯文跟希伯来文(都是由右到左)该怎么办?,"课程大纲 GB2312，Big5，Unicode UCS2，Unicode UTF-8 Big Endian 以及 Little Endian char, wchar_t, 以及 Windows 的 TCHAR 文档的 BOM 如何知道一个系统的编码格式？ 编码的转换方式 I18N 精神 L10N 做法",http://www.osforce.cn/course/334,instruction,collected_count,purchased_count
"""3分钟,为你的App加入IM功能""背后的技术抉择",¥ 59.00,李淼,,本期嘉宾：李淼 2007年入职北京新媒传信科技有限公司，T5专家，十年的程序员 曾从事过飞信社区，飞信开发平台，飞信即时通讯核心业务开发和设计工作。融云整体技术架构设计者。拥有多年的大数量、高负载系统开发和设计经验，在飞信项目期间曾经历过每日上亿次的消息吞吐，达到99.95%的系统可用性。目前担任融云的技术架构负责人，致力将融云打造成为一个高可用，伸缩性强的云计算平台。,,No category path,/files/course/2014/07-30/08570623af97254340.jpg?osf_v5.1.7,No video length,No start date,No end date,No expire date,no 3rd platform,no teacher rating,school URL,school Name,type,stars-0,(0人),454人,课程背景 融云，这个名字你可能还很陌生，但提到中国移动的飞信，相信你一定听过了，开发和运营飞信的背后团队是神州泰岳。 融云就是神州泰岳团队经过七年飞信的磨砺，在进入移动云时代今天，出鞘的利剑。 融云， 可以让移动App快速的加入移动IM功能，具有单聊、讨论组、群组、聊天室、VOIP的功能。让用户不再跳出你的App就可以实现即时通讯，让你的App更加有粘性。 本次开源力量公开课，非常荣幸的邀请到融云的设计师-李淼，他具有近10年的即时通讯领域技术经验，纵观国内，相信在即时通讯领域无多少人可以出其右，来讲述实现融云背后的故事，艰难的技术抉择，曾经踩过的坑点......    前人栽树，后人乘凉，感谢融云及互联网的分享精神，让我们有机会跟随李淼学习，让我们一起来期待本次公开课吧。,课程大纲 1.即时通讯技术基本原理 2.即时通讯协议对比分析 3.移动网络与传统网络下基本差异 4.在移动网络下如何保证消息的可靠 5.如何选择即时通讯云服务 6.融云客户端SDK使用演示,http://www.osforce.cn/course/209,instruction,collected_count,purchased_count
解密通讯级PaaS服务,免费,韩冬,北京容联易通信息技术有限公司常务副总经理,本期嘉宾：韩冬 容联·云通讯|副总经理。 北京容联易通信息技术有限公司常务副总经理，2000年西安交大计算机系统结构硕士毕业，2004年加入高阳圣思园，主要负责互联网中心技术平台，2012年任职容联易通常务副总经理，负责容联.云通讯项目。,,No category path,/files/course/2014/12-01/001821d552dd259949.jpg?osf_v5.1.7,No video length,No start date,No end date,No expire date,no 3rd platform,no teacher rating,school URL,school Name,type,stars-0,(0人),93人,no desc,no outline,http://www.osforce.cn/course/274,instruction,collected_count,purchased_count
APP邂逅即时通讯云,免费,杨攀,融云CTO,本期嘉宾：杨攀 神州泰岳旗下融云业务的 CTO，负责融云的产品和研发工作。融云是国内首家专业的即时通讯云服务提供商，专注为互联网、移动互联网开发者提供即时通讯基础能力和云端服务。 国内第一批 .Net 开发者、MCSD 讲师、开源项目作者，参与过微软 MSN Messenger Mobile China 业务的开发和管理工作。加入神州泰岳后，历任技术总监、总监、高级总监，负责过飞信社区、开放平台和即时通讯核心业务的管理工作,,No category path,/files/course/2014/11-23/22045579f35f902768.jpg?osf_v5.1.7,No video length,No start date,No end date,No expire date,no 3rd platform,no teacher rating,school URL,school Name,type,stars-0,(0人),43人,no desc,no outline,http://www.osforce.cn/course/268,instruction,collected_count,purchased_count
为APP增加IM与VOIP功能开发指南,免费,郝飞,亲加通讯云CTO。,本期嘉宾：赫飞 亲加通讯云CTO。15年多媒体软件平台架构、音视频编解码、VOIP、IM 等方面的产品研发工作经历，专注于研发移动互联网流媒体通讯整体解决方案。,,No category path,/files/course/2014/11-16/121137970b6c155624.png?osf_v5.1.7,No video length,No start date,No end date,No expire date,no 3rd platform,no teacher rating,school URL,school Name,type,stars-5,(3人),506人,课程背景 社交化正成为APP发展的新浪潮，很多开发者都想为自己的应用增加一些IM（即时通讯）或VOIP（网络电话）功能，但总是遇到一系列问题，譬如流量消耗高、消息延迟大、消息易丢失、系统不稳定等等。作为国内领先的通讯云服务提供商，亲加通讯云首席技术官郝飞，将从整体架构、通讯协议等多个方面，详细阐述IM及VOIP相关技术问题及解决方法。,课程大纲 1、网络通讯基本原理 2、高并发服务器开发指南 3、大型IM系统架构演变 4、移动端开发指南与优化 5、VOIP开发指南,http://www.osforce.cn/course/265,instruction,collected_count,purchased_count
C 语言进阶,¥ 499.00,翁嘉颀,Openfind 资深副总经理，台湾大学资讯工程系毕业，纽约州立大学硕士,"本期嘉宾：翁嘉颀 Openfind 资深副总经理，台湾大学资讯工程系毕业，纽约州立大学硕士 从 12 岁开始坐在电脑前面，18岁开始编程，至今编程超过 26 年，用过超过 30 种语言。专长为搜索引擎，邮件安全，邮件系统，Algorithm, AI, Programming language, 以及各种工程师训练将近 20 年。",,No category path,/files/course/2014/12-08/152340c76e9d050151.png?osf_v5.1.7,No video length,No start date,No end date,No expire date,no 3rd platform,no teacher rating,school URL,school Name,type,stars-5,(5人),304人,课程背景 C语言仍然是目前最常见的编程语言，同时也是相对难以掌握的编程语言。本课程通过具体详解每一个C语言中的难点，力争使学员能具备使用C语言开发具体项目的能力。翁嘉颀老师拥有26年的编程经验，C语言功底深厚，讲课风格深入浅出，值得学习。,"课程大纲 第一课 Array and Pointer 第一讲 变量与地址 [ Variable Value and Address ] 第二讲 数组与地址 [ Array and Address ] 第三讲 Call Stack 第四讲 String Address 第二课 Malloc and A Simple Sample (double linked list) 第一讲 malloc and free 及应用1：Linked-list 第二讲：malloc与free的应用2：Sorted double linked-list 第三讲 malloc与free应用3：Hash table 第三课 File I/O (fread, fgets, fgetc, fscanf, fwrite, fputs, fputc, fprintf...) 第一讲：File I/O and File Encoding：常见的 C File I/O 第二讲：File I/O and File Encoding ：读取File内容 第三讲：File I/O and File Encoding：File Encoding 第四课 Multi-Thread 概念 第一讲：Process and Thread 的差别, 以及如何控制 process 第二讲：Multi-thread programming 的各种陷阱 第三讲：Thread / Process Synchronization 第五课 Multi-Thread 在 Windows 的应用 第一讲：Kernel object, Process, and Thread in Windows 第二讲：Critical Section 第三讲：Wait 以及 Mutex 第四讲：Event 第五讲：Semaphore 第六讲：Sleeping Barber 设计以及 Solid programming 概念 第七讲：Sleeping Barber 编程表演 第六课 Multi-Thread 在 Linux 的应用 第一讲： Linux Process and Thread 第二讲：Mutex, Share-Exculsive Lock, File Lock 第三讲：Condition Variable, Signal 第四讲：Semaphore 以及学习总结 第七课 Defensive programming in C 第八课 Memory Management 实作 第九课 IPC (Inter-Process Communication) 第十课 Solid Programming (已经与第五课合并)",http://www.osforce.cn/course/279,instruction,collected_count,purchased_count
C 语言进阶准备 - 提高您的 C 水平,免费,翁嘉颀,Openfind 资深副总经理，台湾大学资讯工程系毕业，纽约州立大学硕士,"从 12 岁开始坐在电脑前面，18 岁开始编程，至今超过 26 年，用过语言超过 30 种。熟悉搜索引擎，邮件系统，邮件安全，个等级工程师培训，Solid programming。Openfind 资深副总经理，台湾大学资讯工程系毕业，纽约州立大学硕士。从 12 岁开始坐在电脑前面，18岁开始编程，至今编程超过 26 年，用过超过 30 种语言。专长为搜索引擎，邮件安全，邮件系统，Algorithm, AI, Programming language, 以及各种工程师训练将近 20 年。",,No category path,/files/course/2014/12-08/152740c90349892514.png?osf_v5.1.7,No video length,No start date,No end date,No expire date,no 3rd platform,no teacher rating,school URL,school Name,type,stars-5,(6人),734人,课程背景 C 目前仍然是使用率最高的几种语言之一，但是大部分人听到 memory，pointer，character array 就望而却步，这里面充满了各种陷阱，往往一部小心就发生 segmentation fault / memory access violation。但是 C 做为效能最高的几种语言之一，在很多情况下却又不可避免。熟悉 C 的 pointer / character string / memory 操作，可让工程师灵活运用 C 语言的特性。公开课将从进阶课程中选定大家比较容易犯错的部分来做说明。,no outline,http://www.osforce.cn/course/277,instruction,collected_count,purchased_count
应用性能管理的过去现在和未来,¥ 59.00,何晓阳,北京蓝海讯通科技有限公司CEO,本期嘉宾：何晓阳 北京蓝海讯通科技有限公司CEO 长期在传统企业和互联网企业从事系统运维和监控工作，对APM理论及实践有深入理解,,No category path,/files/course/2014/03-19/210240030074190533.png?osf_v5.1.7,No video length,No start date,No end date,No expire date,no 3rd platform,no teacher rating,school URL,school Name,type,stars-0,(0人),127人,课程背景 随着移动互联、云计算、大数据、敏捷、DevOps等概念的不断涌现，IT运维变得越来越复杂，应用程序的性能管理逐渐成为IT运维的核心。 但是与此同时，应用的边界越来越模糊，很多应用都运行在复杂的分布式环境下，很多因素都可能会应用的性能造成影响。这些影响基本上无法预知，而且难以在开发测试环境中模拟。 应用性能管理和监控是对生产环境下应用全面的监控，通过应用性能监控，可以监控和感知每一个真实用户的使用体验，可以进行代码级的应用可视化，可以在问题影响到最终用户之前发现并解决。 APM以及成为IT运维的核心，而且，在不久的未来，APM将会是大数据的最重要的组成部分。,课程大纲 a.应用性能管理的历史 b .应用性能管理相关概念 c.APM五维模型和主流产品分析 d.应用性能管理在国内的发现 e.应用性能管理未来发展趋势,http://www.osforce.cn/course/90,instruction,collected_count,purchased_count
Nutch:从搜索引擎到网络爬虫,¥ 59.00,杨尚川,系统架构设计师，系统分析师，2013年度优秀开源项目APDPlat发起人，资深Nutch搜索引擎专家,本期嘉宾：杨尚川 系统架构设计师，系统分析师，2013年度优秀开源项目APDPlat发起人，资深Nutch搜索引擎专家 多年专业的软件研发经验，从事过管理信息系统(MIS)开发、移动智能终端(Win CE、Android、Java ME)开发、搜索引擎(nutch、lucene、solr、elasticsearch)开发、大数据分析处理(Hadoop、Hbase、Pig、Hive)等工作。,,No category path,/files/course/2014/01-10/12131178127e671216.jpg?osf_v5.1.7,No video length,No start date,No end date,No expire date,no 3rd platform,no teacher rating,school URL,school Name,type,stars-0,(0人),544人,课程背景 Nutch诞生于2002年8月，是Apache旗下的一个用Java实现的开源搜索引擎项目，自Nutch1.2版本之后，Nutch已经从搜索引擎演化为网络爬虫，接着Nutch进一步演化为两大分支版本：1.X和2.X，最大的区别在于2.X对底层的数据存储进行了抽象以支持各种底层存储技术。在Nutch的进化过程中，产生了Hadoop、Tika和Gora三个Java开源项目。如今这三个项目都发展迅速，极其火爆，尤其是Hadoop，其已成为大规模数据处理的事实上的标准。Tika使用多种现有的开源内容解析项目来实现从多种格式的文件中提取元数据和结构化文本，Gora支持把大数据持久化到多种存储实现。,课程大纲 1、Nutch是什么? Nutch是Apache旗下的Java开源项目，最初是一个搜索引擎，现在是一个网络爬虫。 2、Nutch的设计初衷? 商业搜索引擎不开源，搜索结果不纯粹是根据网页本身的价值进行排序，而是有众多商业利益考虑。Nutch提供了开源的解决方案，帮助人们很容易地建立一个搜索引擎，为用户提供优质的搜索结果，并能从一台机器扩展到成百上千台。 3、为什么要学习Nutch？ 搜索技术是信息时代的必备技术之一，没有搜索功能的软件是无法想象的，而搜索引擎是搜索技术的集大成者。通过Nutch的学习，可以对百度、谷歌这样的搜索巨头的内部机制有所了解，并能根据自己的需要打造适合自己的搜索引擎，当然，也可以把搜索技术应用到几乎所有的软件开发中 4、Nutch的设计目标 ? (1) 每个月抓取几十亿网页 (2)为这些网页维护一个索引 (3)对索引文件执行每秒上千次的搜索 (4)提供高质量的搜索结果 (5)以最小的成本运作 5、Nutch的发展历程？ (1)11年发展历程，3大分支版本 (2)强调重用，诞生了Java开源项目Hadoop、Tika、Gora (3)不重新发明轮子，使用了大量第三方开源项目 6、Nutch的整体架构？ (1)插件机制、数据抓取、数据解析、链接分析、建立索引、分布式搜索等。 (2)对于一个搜索引擎来说，最终可能由成百上千台服务器组成，然而，初创公司最初可能只有几台机器作为尝试，随着公司的发展逐步增加机器，因此，线性可扩展的分布式存储与分布式计算是至关重要的。 (3)Nutch参考了Google的两篇论文：MapReduce计算模型以及GFS存储模型，并做了实现，后来把这两大部分剥离出来形成独立的开源项目Hadoop。由此可知，Hadoop诞生于Nutch，核心由分布式计算和分布式存储组成，是MapReduce和GFS的JAVA开源实现。 (4)Nutch使用HDFS作为存储实现一直持续了很多年，然而使用HDFS有许多限制，后来考虑对存储层进行抽象，剥离并形成了新的开源项目Gora，以支持多种存储技术，包括RDBMS和NoSQL。 (5)对于搜索引擎来说，需要抓取各种各样的文件，解析这些不同格式的文件是一个难题，为了简化设计，也为了重用，于是诞生了Tika，一个专为内容分析而诞生的工具箱。 7、Nutch 3大分支版本？ (1) Nutch1.2是一个完整的搜索引擎 (2)Nutch1.7是一个基于HDFS的网络爬虫 (3)Nutch2.2.1是一个基于Gora的网络爬虫 (4)1.X系列可用于生产环境、2.X系列还不成熟 8、Nutch的应用领域？ 站内搜索引擎、全网搜索引擎、垂直搜索引擎、数据采集 9、nutch的使用？ 一些具体的实践方法及演示,http://www.osforce.cn/course/93,instruction,collected_count,purchased_count
创建你的第一个HTML5页面,¥ 59.00,陈锡伟,项目经理,有超过8年的软件行业的从业经历，在软件开发、系统分析、架构设计和项目管理等方面拥有丰富经验；6年的教学管理经验，讲课幽默风趣，能够将企业中相关的知识应用及开发方法融入教学之中，提高学员适应企业工作的能力。,,No category path,/files/course/2015/02-04/1338146b3c0f631949.jpg?osf_v5.1.7,No video length,No start date,No end date,No expire date,no 3rd platform,no teacher rating,school URL,school Name,type,stars-0,(0人),277人,课程背景 HTML5是近十年来Web标准最巨大的飞跃，和以前的版本不同， HTML5并非仅仅用来表示Web内容，它的使命是将Web带入一个 成熟的应用平台，在这个平台上，视频，音频，图象，动画， 以及同电脑的交互都被标准化； 通过本次课的学习让你了解 制作一个标准的Web页面的具体步骤，同时了解开发Web页面 所涉及的相关技术。,课程大纲 1. 什么是HTML？ 2. 开发网站所需要的环境 3. 创建第一个HTML5页面 4. HTML5页面基本结构 5. 验证页面是否满足HTML5规范？,http://www.osforce.cn/course/315,instruction,collected_count,purchased_count
LVS在大规模网络环境下的应用,¥ 59.00,吴佳明_普空,,本期嘉宾：吴佳明（花名：普空） 淘宝核心技术部专家，中国LVS技术二把手，首次现身开源力量公开演讲，第一把手是LVS创立者，现任淘宝高级副总裁的章文嵩博士。 一直从事系统网络相关技术研发，包括 IDC网络、内核TCP/IP协议、4/7层负载均衡、CDN、DDOS攻击防御 和 无线加速 等 2007.4~2011.5 就职于 百度，资深系统工程师，完成 百度网络4层统一接入和接出； 2011.5~至今 就职于 淘宝，高技术专家，从事 LVS /无线加速 等网络技术研发,,No category path,/files/course/2014/06-04/100429d780b0651877.jpg?osf_v5.1.7,No video length,No start date,No end date,No expire date,no 3rd platform,no teacher rating,school URL,school Name,type,stars-5,(2人),802人,课程背景 LVS是一个开源的软件，由毕业于国防科技大学的章文嵩博士于1998年5月创立，可以实现LINUX平台下的负载均衡。 LVS是Linux Virtual Server的缩写，意思是Linux虚拟服务器。开源网址www.linuxvirtualserver.org； LVS当前已经是linux内核的标准模块，被业界互联网公司广泛应用；现在LVS已经是 Linux标准内核的一部分，在Linux2.4内核以前，使用LVS时必须要重新编译内核以支持LVS功能模块，但是从Linux2.4内核以后，已经完全内置了LVS的各个功能模块，无需给内核打任何补丁，可以直接使用LVS提供的各种功能。 但随着淘宝网业务发展，网络规模变大，标准的LVS已经在功能和性能上都无法满足需求； 因此，淘宝对其进行了改进，新增了FULLNAT转发模式和SYNPROXY攻击防御模块，并在性能上做了大量优化； 改进版本开源网址：https://github.com/alibaba/LVS；,课程大纲 1. LVS-简介和问题 2. LVS新功能-fullnat&synproxy 3. LVS性能优化-cluster 4. LVS性能优化-IPVS改进 5. LVS性能优化-系统改进 6. LVS技术展望,http://www.osforce.cn/course/193,instruction,collected_count,purchased_count
Linux LVS 集群环境的企业应用,¥ 59.00,宁方明,信息产业部高级培训讲师,本期嘉宾：宁方明 信息产业部高级培训讲师 工业和信息化部信息系统项目管理师，Red Hat Certified Architect 红帽认证架构师，Red Hat Certified Engineer红帽认证工程师，Cisco Certified Network Professional——思科认证网络高级工程师，Cisco Certified Network Associate思科认证网络工程师，Microsoft Certified Systems Engineer微软认证系统工程师，Microsoft Certified Database Administrator ，微软认证数据库管理员,,No category path,/files/course/2014/09-29/160742ebeb09309432.jpg?osf_v5.1.7,No video length,No start date,No end date,No expire date,no 3rd platform,no teacher rating,school URL,school Name,type,stars-0,(0人),419人,课程背景 LVS是一个开源的软件，由毕业于国防科技大学的章文嵩博士于1998年5月创立，可以实现LINUX平台下的负载均衡； LVS是Linux Virtual Server的缩写，意思是Linux虚拟服务器。开源网址www.linuxvirtualserver. LVS当前已经是linux内核的标准模块，被业界互联网公司广泛应用；现在LVS已经是 Linux标准内核的一部分，在Linux2.4内核以前，使用LVS时必须要重新编译内核以支持LVS功能模块，但是从Linux2.4内核以后，已经完全内置了LVS的各个功能模块，无需给内核打任何补丁，可以直接使用LVS提供的各种功能。,课程大纲 1.LVS介绍 2.网站负载均衡拓朴图 3.基本网络配置 4.安装LVS软件包 5.配置LVS 6.利用LVS实现负载均衡和和高可用性 7.配置WEB端 8.启动服务 9.测试,http://www.osforce.cn/course/222,instruction,collected_count,purchased_count
从机制与策略探究Linux内核设计之道,免费,陈莉君,西安邮电大学教授,本期嘉宾：陈莉君 西安邮电学院教授 十多年来致力于推动Linux在中国的发展，深入研究Linux内核相关理论以及技术，积极跟踪Liunx 内核发展动向，针对Linux内核版本的不断演化，连续编写和翻译了有关专著、译著及教材多部。 专著《Linux操作系统内核分析》曾被指定为中科院考博参考书；所翻译的《深入理解Linux源代码》和《Linux内核设计与实现》是Linux开发者的必读书；,,No category path,/files/course/2014/06-16/175735f43fd3733881.jpg?osf_v5.1.7,No video length,No start date,No end date,No expire date,no 3rd platform,no teacher rating,school URL,school Name,type,stars-5,(1人),1961人,课程背景 Linux内核历经20年发展，其版本变化800多次，代码量和复杂性呈几何增长，世界各地大牛的智慧贡献于此，应用场景日益广泛。在错综复杂的Linux内核设计中，最根本的设计思想是什么？这种思想如何在操作系统的整体设计和各子系统设计中得以体现？本报告从机制和策略分离入手，探究操作系统设计之渊源，并以相关源码为实例，分析操作系统整体结构、文件系统、进程管理以及Linux内核安全框架中机制与策略之灵活应用。在此基础上，以目前流行的手机操作系统Android及虚拟机Xen为场景，说明其核心代码设计中如何体现这一设计思想。,课程大纲 1. Linux内核版本的演变规律 2. 内核演变引发的思考 3. Unix/Linux设计理念 4. Linux内核的体系结构 5. 系统调用机制 6. 模块机制 7. VFS机制 8. 内存管理机制 9. OS的本质 10. Linux内核安全框架（LSM） 11. Android的设计意图以及空间的演变 12. Xen体系结构以及分离驱动模型,http://www.osforce.cn/course/158,instruction,collected_count,purchased_count
思科网络助理工程师 CCNA ​​培训,¥ 599.00,董老师,,本期嘉宾：董老师,,No category path,/files/course/2014/10-10/163506a0991a235822.jpg?osf_v5.1.7,No video length,No start date,No end date,No expire date,no 3rd platform,no teacher rating,school URL,school Name,type,stars-5,(3人),100人,课程背景 学员将学习如何在局域网和广域网（LAN和WAN）的多协议网络中安装和配置思科交换机和路由器，提供一级故障排除服务并改善网络的性能和安全性。此外，本课程还提供了关于正确应用网络软件工具和保养、维护硬件设备相关培训。,课程大纲 本课程CCNA包括以下内容： 1、网络基础介绍，OSI参考模型的整体介绍、及各层的功能概述 2、应用层作用及常见应用层协议 3、传输层作用精讲，分段作用了解 4、传输层tcp及udp区别介绍 5、传输层回顾及网络层的功能描述 6、网络层、IP头部信息介绍及数据链路层介绍 7、IPv4地址结构及使用方式精讲 8、网络地址划分VLSM介绍 9、物理层知识点的具体讲解 10、pc之间通信过程-arp的作用 11、pc之间通信过程-交换机的工作方式 12、pc之间通信过程-路由器工作方式和dhcp 13、pc之间通信过程-路由器的工作方式详细描述 14、路由器路由表的作用，及静态路由基础 15、静态聚合路由及静态缺省路由 16、静态精确聚合路由及设备基本命令和telnet使用 17、动态路由协议的讲解和分类 18、动态路由协议参数介绍，及RIP协议基础 19、RIP协议的应用及RIP环路的介绍 20、EIGRP协议基础及配置 21、EIGRP协议的精讲 22、EIGRP协议三张表的精讲 23、OSPF协议基础及配置 24、OSPF协议DR选举及三种路由协议的比较 25、ACL访问控制列表的作用及标准和扩展ACL的使用 26、ACL的扩展，NAT的简单介绍 27、动态NAT、静态NAT及PAT的详细介绍 28、IPv6基础、地址格式等介绍 29、vlan的作用及使用，单臂路由的介绍 30、vtp协议的使用场景及方法 31、stp协议的作用及工作方法 32、stp介绍及端口安全的使用,http://www.osforce.cn/course/244,instruction,collected_count,purchased_count
SDN深入浅出,¥ 59.00,张卫峰,数据通信和芯片设计领域资深专家,本期嘉宾：张卫峰 盛科网络软件总监 《深度解析SDN—利益、战略、技术、实践》一书作者。数据通信和芯片设计领域资深专家，有十几年的网络实践经验，对SDN、传统二三层交换机、数据传输设备（PTN和IPRAN），从管理面到协议控制面一直到芯片转发面，都有着深刻的理解。,,No category path,/files/course/2014/04-11/1842284756da112645.jpg?osf_v5.1.7,No video length,No start date,No end date,No expire date,no 3rd platform,no teacher rating,school URL,school Name,type,stars-0,(0人),519人,课程背景 SDN是当前的热点技术，但是由于SDN技术相对还比较新，而且本身内涵并不清晰，所以极容易产生误解，不仅初学者不太容易把握，即便是已经接触过一段时间的人，也仍然会造成混淆。本课程深入浅出地介绍SDN的概念本质，SDN架构，产生原因，发展历史，SDN对产业的影响和发展趋势预测。还会介绍一些实际案例，特别是SDN在云计算中的应用。,课程大纲 1. SDN：What？Why？How？ 2. SDN在云计算中的应用 3. SDN对产业格局的影响,http://www.osforce.cn/course/145,instruction,collected_count,purchased_count
Linux PB级分布式文件系统 CEPH 探秘,免费,张国华,红帽系统架构师,本期嘉宾：张国华 红帽资深系统架构师。 具有丰富的企业开源解决方案建设经验，在可靠企业运行环境和开放的基础架构建设方面 有着较深的理解，专注于金融行业和大型企业。近年来，主要研究企业自动化运维体系的规划和建设。,,No category path,/files/course/2014/11-26/1337244b16b6246548.jpg?osf_v5.1.7,No video length,No start date,No end date,No expire date,no 3rd platform,no teacher rating,school URL,school Name,type,stars-5,(2人),456人,no desc,课程大纲 1. CEPH的由来 2. CEPH的架构 3. CEPH的存储算法简介 4. CEPH的部署和展示,http://www.osforce.cn/course/271,instruction,collected_count,purchased_count
RedHat 中国红帽开发者社区,免费,红帽,世界领先的为企业提供开源IT产品和服务的供应商。,红帽是一家世界领先的为企业提供开源IT产品和服务的供应商。红帽站在企业IT开源软件开发的最前沿，面向商用市场推出包括云计算、中间件、操作系统、存储、虚拟化等5大主要技术领域的产品和服务组合。全世界的CIO和IT部门依靠红帽来提供符合其业务需求的解决方案，并通过红帽带来技术领先、性能、安全性以及无人可及的价值。红帽是纽交所上市企业标准普尔500指数公司。在全球有70多家开发和销售办事处。,,No category path,/files/course/2015/01-26/1739197c51c1487635.jpg?osf_v5.1.7,No video length,No start date,No end date,No expire date,no 3rd platform,no teacher rating,school URL,school Name,type,stars-5,(3人),94人,课程背景 使您的企业现代化 构建下一代IT的安全、支持的技术 我们的开源技术组合聚焦五大主要产品线：Linux平台、JBoss中间件、虚拟化、云和存储。红帽凭借屡获殊荣的服务，与客户紧密协作，以更快的速度和更少的成本，满足客户的业务需求。 红帽企业Linux 世界领先的开源操作系统提供了功能丰富、安全、高性能、具有广泛的认证生态系统的平台。红帽企业Linux可在物理和虚拟环境，或公共、私有和混合云中部署. 了解更多 红帽JBoss中间件 全面的中间件解决方案组合可帮助客户优化其业务流程。包括应用程序服务器、SOA、BRMS、ESB、门户及配套技术。 了解更多 红帽企业级Linux OpenStack平台 为您的企业提供最理想的平台打造私有云，服务供应商也可用于建立公有云。 了解更多 服务与支持 支持 红帽支持合作伙伴与您的组织合作以帮助您取得成功并确保您充分利用您的企业解决方案。 了解支持 红帽培训 通过我们亲身实践且基于角色的培训改进您的技能或团队技能，此培训适用于 IT 专业人员和开发人员。 了解培训 红帽认证 红帽认证专业人士已久经考验。 了解认证 红帽咨询 红帽咨询可帮助您简化您的环境，使其变得更加精简和灵活，从而让您为企业创造更多价值。 了解咨询,no outline,http://www.osforce.cn/course/272,instruction,collected_count,purchased_count
Linux 操作系统基础入门,免费,马哥linux运维,创始人马哥，计算机安全专业硕士，Linux核心专家、51CTO专家博主,"创始人马哥，计算机安全专业硕士，Linux核心专家、51CTO专家博主。多年Linux及数据库实战和教学经验，擅长讲授Linux运维、企业级运维自动化、系统架构和优化、hadoop海量数据、IaaS云技术等相关的课程，马哥Linux系列培训视频一直被网友们称为业内最专业的Linux培训视频，其授课方式生动形象，马哥可以把复杂抽象的大问题化解成具体形象的案例，马哥在Linux界跟JAVA界马士兵称之为培训界的""马氏双雄""。Linux业界一直有着赞誉""马哥出品必是精品""之说。 QQ：813150558、1661815153",,No category path,/files/course/2014/11-25/124147bf07bb064924.jpg?osf_v5.1.7,No video length,No start date,No end date,No expire date,no 3rd platform,no teacher rating,school URL,school Name,type,stars-5,(2人),326人,no desc,no outline,http://www.osforce.cn/course/266,instruction,collected_count,purchased_count
红帽企业Linux7揭秘,免费,张国华,红帽系统架构师,本期嘉宾：张国华 红帽系统架构师 具有丰富的企业开源解决方案建设经验，在可靠企业运行环境和开放的基础架构建设方面有着较深的理解，专注于金融行业和大型企业。近年来，主要研究企业自动化运维体系的规划和建设。,,No category path,/files/course/2014/06-25/0956171effa6012577.jpg?osf_v5.1.7,No video length,No start date,No end date,No expire date,no 3rd platform,no teacher rating,school URL,school Name,type,stars-0,(0人),547人,课程背景 世界领先的开源解决方案供应商红帽公司，即将于6月10日全球发布最新的红帽企业 Linux 7 (RHEL7)，这是红帽公司旗舰平台产品3年来最新的大版本发布。 RHEL 7不仅为开放混合云奠定了基础；而且推动了操作系统超越今天作为普通平台的定位。RHEL7被构建用于满足现代数据中心的需求以及下一代IT的需求，从应用容器到云服务，RHRL7都可以提供支持动力。自从10多年前问世以来，红帽企业Linux已经变成世界领先的企业Linux平台，它定义了效能、容量、和安全的产业标准。今天红帽企业Linux在企业数据中心以及云领域都是一个主导力量。超过90%的2013财富500强的公司及组织都依赖红帽的企业Linux.,课程大纲 1.RHEL7新特性及对企业用户的价值详解 2.集中管理 3.更高的服务质量 4.易操作 5.大系统支持 6.混合环境整合 7.云OS 8.利用OpenLMI实现集中系统管理 9.利用Systemd部署一个具有资源配额控制的自定义后台服务,http://www.osforce.cn/course/198,instruction,collected_count,purchased_count
为什么比特币技术上是靠谱的,¥ 59.00,潘志彪,比特基金首席技术顾问,本期嘉宾：潘志彪 比特基金首席技术顾问 比特币技术爱好者，现任比特基金(Bitfund.pe)首席技术顾问，曾任当当网大数据技术经理、百度流式计算高级工程师等职位。对Web开发、个性化推荐算法与引擎、大数据处理、流式计算、反作弊算法等均有研究。,,No category path,/files/course/2014/01-03/113154aba67b627810.jpg?osf_v5.1.7,No video length,No start date,No end date,No expire date,no 3rd platform,no teacher rating,school URL,school Name,type,stars-5,(2人),446人,课程背景 比特币(Bitcoin)是一种由开源软件，P2P架构创建的电子货币。由于最近价格飞速上涨，并引起国内外政府、媒体、法律界、金融界等高度关注。本课程向大家介绍了比特币基础原理，神秘与神奇之处，以及为何它的生命力是如此强大！,课程大纲 1， 比特币是什么 2，原理剖析 3，不是问题的问题 4，未来趋势,http://www.osforce.cn/course/86,instruction,collected_count,purchased_count
OpenStack HA方案的选择及排错技巧,¥ 59.00,罗勇,,本期嘉宾：罗勇(@WARROR_罗勇) 开源软件爱好者 目前任职某知名世界500强电信公司，从事云计算相关产品研发工作，多年云计算IaaS、PaaS、SaaS相关产品开发运维经验，尤其擅长基于IaaS的持续交付系统设计与开发，目前所在团队管理着日部署上万个Instance的OpenStack集群，支持每天上百次产品部署发布，对开源云平台OpenStack开发和运维都有较深入的研究。,,No category path,/files/course/2014/08-28/2316182245b5410539.jpg?osf_v5.1.7,No video length,No start date,No end date,No expire date,no 3rd platform,no teacher rating,school URL,school Name,type,stars-0,(0人),181人,课程背景 持续集成（CI）可以说是软件开发领域的一个老话题，如何利用有限的资源实现高效的持续集成系统，辅助日常开发和测试一直是一个永恒的话题。在云计算时代，这个话题的内涵和外延发生着一些有趣变化，众所周知云计算的弹性计算、按需付费、高度自动化给软件开发和运维带了便捷，持续集成的实施过程涉及到软件开发的整个生命周期，如何能快速、可靠地构建，部署，测试每次发生变更的代码，这是衡量持续集成系统优劣的唯一标准。这次公开课将以某企业真实案例作为背景，讲解如何利用开源云计算框架（OpenStack）搭建企业私有云，实现硬件资源高度利用和增强部署灵活性，并最终提升持续集成服务能力。通过这次公开课的分享，希望对正在实施或者将要实施持续集成的听众带来启发和帮助。,课程大纲 1、各组件HA方案 本次课将从系统高可用（HA）基本概念谈起，先介绍高可用都需要看那些指标以及如何权衡可靠性和成本之间的关系。并讲解无状态型服务（Stateless service） 和有状态型服务（Stateful services）的应用特点，以及实现高可用都有那些常用方法。针对OpenStack 各个组件服务特性，分析其服务特点实现高可用都有那些方法，比较这些方法的优劣，给出一个推荐的HA方案。在课程中还会谈到新版本icehouse 中Neutron部分HA最新进展及实现原理相关内容。 2、日志分析与排错技巧 众所周知OpenStack是一个相当复杂的分布式系统，在安装、部署、运维过程后，难免会遇到这样那样的问题。如何分析错误找到问题根源，并有效解决，保证系统稳定高效运行，这一直是OpenStack运维过程中的难题，本次课将向大家讲解在理解OpenStack系统架构和原理的基础上，如何查看OpenStack各个组件log 并层层递进，逐步排查的方法，找到问题发生的源头，并对其进行有效解决。课中还涵盖了许多开发、运维中遇到的诸多问题，并都给出了相应分析过程，希望能给新手提供参考意义。 3、性能瓶颈 主要探讨OpenStack 在平台性能瓶颈和虚拟机性能两个方面遇到的瓶颈问题，系统方面的瓶颈主要介绍在消息服务，数据库以及OpenStack自有组件在性能方面面临的问题；虚拟机性能瓶颈方面，会谈到不同hypervisor 在性能方面的表现的差别，并讲解如何选择hypervisor，兼顾到稳定性的条件下避免遇到瓶颈，满足在私有云方面的的需求。 4、性能调优 先结合OpenStack实际遇到瓶颈案例，讲解如何一步一步优化配置实现OpenStack平台性能调优。在使用KVM作为hypervisor基础上，结合案例介绍都有哪些方法实现kvm性能调优，此外，还会讲解一些实用的在HOST OS上有哪些方法可以提高整体系统性能的方法。,http://www.osforce.cn/course/220,instruction,collected_count,purchased_count
Security Programming,¥ 9.00,翁嘉颀,Openfind 资深副总经理，台湾大学资讯工程系毕业，纽约州立大学硕士,"从 12 岁开始坐在电脑前面，18 岁开始编程，至今超过 26 年，用过语言超过 30 种。熟悉搜索引擎，邮件系统，邮件安全，个等级工程师培训，Solid programming。Openfind 资深副总经理，台湾大学资讯工程系毕业，纽约州立大学硕士。从 12 岁开始坐在电脑前面，18岁开始编程，至今编程超过 26 年，用过超过 30 种语言。专长为搜索引擎，邮件安全，邮件系统，Algorithm, AI, Programming language, 以及各种工程师训练将近 20 年。",,No category path,/files/course/2015/03-18/195350e447cf522012.jpg?osf_v5.1.7,No video length,No start date,No end date,No expire date,no 3rd platform,no teacher rating,school URL,school Name,type,stars-0,(0人),70人,课程背景 在网路越来越盛行的今天，第三方支付，网上银行，各种网路购物/讨论区林立。到了一个陌生的网站，到底有多高的风险？ 世界上没有安全这回事情，只有好破解跟难破解的差别。 一个网站或软件的安全程度，是看这整个系统最薄弱的地方，一旦最薄弱的地方被攻破，其它地方再安全也没用。 设计一个软件，设计一个网站，该怎么才能有最基本的防护能力？,"课程大纲 Buffer overflow 造成的危害 最小权限设计概念 加密解密方式 如何储存秘密 (例如 password) Canonical 的设计概念 DoS 攻击 / DDoS 攻击 一些透过 Web 的攻击 - SQL Injection, Command Injection, C ross-site Scripting(XSS), CSRF 最基本的防御观念",http://www.osforce.cn/course/327,instruction,collected_count,purchased_count
App生命周期四段轮,免费,Gaosboy,天猫iOS开发者,2010年接触iOS开发，先后经历过多款App从无到有，从小到大的成长过程。 目前就职于天猫无线基础业务团队。,,No category path,/files/course/2015/03-20/133558e0de77644105.jpg?osf_v5.1.7,No video length,No start date,No end date,No expire date,no 3rd platform,no teacher rating,school URL,school Name,type,stars-0,(0人),162人,课程背景 任何一个App都会经历从小到大的过程，经历几个必须经历的阶段，区别在于有些App迅速长大，而有些则还没来得及长大就转型，或者干脆停止维护了。不同阶段关注的重点不同，所以对各个要素的取舍也就会有所区别。,课程大纲 开发者或开发团队在开发过程中经常需要衡量和取舍的五大要素。 开发效率 开发成本 产品功能 精细度 稳定性 App从小到大经历几个必须经历的阶段 Demo Beta 1.0 2.0 Large Export,http://www.osforce.cn/course/329,instruction,collected_count,purchased_count
全站个人VIP（一年） 报名入口,¥ 1490.00,admin,开源力量网站站长,开源力量网站站长，edusoho开源软件开发者。,,No category path,/files/course/2015/02-27/16111319913a253380.jpg?osf_v5.1.7,No video length,No start date,No end date,No expire date,no 3rd platform,no teacher rating,school URL,school Name,type,stars-0,(0人),540人,no desc,no outline,http://www.osforce.cn/course/322,instruction,collected_count,purchased_count
漫谈云上架构和运维的艺术,免费,邵海杨,又拍云技术总监/研发总监,本期嘉宾：邵海杨 又拍云技术总监/研发总监 又拍云联合创始人，来自杭州Linux用户组，资深系统运维架构师，业余撰稿人，致力于开源软件及前沿科技的研究和探索。精通系统及网络管理，定制嵌入式系统，安全防御及CDN加速，互联网高性能网络及架构设计、NoSQL先行者、分布式文件系统Ceph、虚拟化及OpenStack云平台的研究等新技术，喜交流，活跃于社区，积极投身于开源活动的组织和传播。,,No category path,/files/course/2014/10-15/083837d57347787850.jpg?osf_v5.1.7,No video length,No start date,No end date,No expire date,no 3rd platform,no teacher rating,school URL,school Name,type,stars-5,(2人),822人,no desc,课程大纲 1. 探讨云时代下的架构设计及运维挑战； 2. 运维人员的团队协作和架构师成长修炼； 3. 面对DevOps和云的挑战，运维工程师如何成长； 4. 怎样实现自动化运维，化被动为主动。,http://www.osforce.cn/course/251,instruction,collected_count,purchased_count
跟我一起玩转OpenStack,¥ 59.00,陈沙克,,本期嘉宾：陈沙克 开源爱好者 从2010年到现在，一直在IDC行业里从事云计算相关工作，关注，测试和使用和推广Openstack。,,No category path,/files/course/2013/12-06/19045575bc8a634858.jpg?osf_v5.1.7,No video length,No start date,No end date,No expire date,no 3rd platform,no teacher rating,school URL,school Name,type,stars-5,(4人),1490人,课程背景 Openstack从2010年从2个项目，发展到今天已经超过10个项目，还有一堆的孵化项目，Openstack也变得越来越复杂。通过Openstack的发展和历史介绍，让大家对项目的整体有个认识。,课程大纲 Openstack历史 Openstack现状和未来 Openstack发行版介绍 hypervisor介绍 HA：控制节点的HA和虚拟机HA实现 存储：虚拟机和镜像存储 网络 监控 配置管理 运维工具云化 统一监控 统一日志,http://www.osforce.cn/course/75,instruction,collected_count,purchased_count
Cocos2D-X 跨平台移动应用开发,¥ 59.00,沈大海,GMGC产品运营和服务中心总经理，移动互联网应用开发专家，开源技术讲师,本期嘉宾：沈大海 GMGC产品运营和服务中心总经理，移动互联网应用开发专家，开源技术讲师 GMGC产品运营和服务中心总经理，移动互联网应用开发专家，开源技术讲师，在Android\IOS等移动平台有多年开发经验，较早使用Cocos2d-x开发应用游戏和应用，他的技术博客blog.csdn.net/sdhjob,,No category path,/files/course/2013/12-06/1905095c2f4b819266.jpg?osf_v5.1.7,No video length,No start date,No end date,No expire date,no 3rd platform,no teacher rating,school URL,school Name,type,stars-0,(0人),835人,"课程背景 Cocos2d-x源于Cocos2d，是一款开源游戏引擎项目，是一款基于对原有iOS平台cocos2d重写为C++的开源代码，封装了OpenGL,Box2d,LibCurl,LibPng等开源的跨平台代码。由于基于C++和STL特点使其广泛应用于游戏开发、移动互联网产品开发，目前最新版本为3.0alpha，由于其代码的开源特性和跨平台支持，可以快速开发移动游戏并部署到Android、iOS等平台，已经有超过百款的Ccoos2d-x的移动游戏作品月收入超过百万。本期讲师沈大海作为引擎的多年开发和使用者，沈大海将会通过两个小时的课程，指导大家完成开发环境搭建，介绍其引擎的核心模块和代码，并带领大家完成1款跨平台App开发。","课程大纲 1、Cocos2d-x是什么? 介绍Cocos2d-x的来历，核心开发者，引擎的功能。 2、Cocos2d-x的技术架构? 介绍Cocos2d-x的平台架构和开发方法，目前可以通过C++,lua,javascript等方式开发。 3、Cocos2d-x的源码说明？ 介绍Cocos2d-x的源码结构和使用方法。 4、Cocos2d-x核心概念和设计模式? 介绍Cocos2d-x的单例模式、工厂模式，委托模式，介绍导演、场景、图层、精灵、动作等 核心概念。 5、Cocos2d-x项目的创建和项目结构 以hello-world为实例来介绍Cocos2d-x的项目基本结构。 6、介绍如何将项目部署到Android、IOS平台。 7、介绍使用Cocos2d-x开发联网游戏的注意事项。网络连接、文字处理、图形优化等核心技术介绍",http://www.osforce.cn/course/76,instruction,collected_count,purchased_count
Go语言入门,¥ 59.00,许式伟,七牛云存储CEO,本期嘉宾：许式伟 《Go语言编程》一书作者，致力于推广Go语言在中国的应用与推广工作。许式伟从2007年开始，发起一年一度的ECUG大会，该大会关注云计算与分布式领域的前沿技术实践，总结和经验分享。去年ECUG Con 2011，是国内第一个以Go语言为主体话题的盛宴。,,No category path,/files/course/2014/09-30/005427350b67047916.jpg?osf_v5.1.7,No video length,No start date,No end date,No expire date,no 3rd platform,no teacher rating,school URL,school Name,type,stars-0,(0人),1064人,课程背景 Go语言越来越火，也越来越多公司使用，但是多数人对Go语言的编程范式认识不清，这个讲座试图理清Go与其他语言最核心的编程范式差异。,课程大纲 Go 语言特性介绍 Go 语言是面向连接和组合的语言,http://www.osforce.cn/course/56,instruction,collected_count,purchased_count
KVM虚拟化原理解析与实战演练,¥ 399.00,Eric,Linux内核华人贡献前10,本期嘉宾：Eric Linux内核华人贡献前10 Linux Kernel社区一线开发工程师， linux kernel社区华人贡献中排名前10位。现任职于美资500强外企，从事KVM的开发超过4年，内核开发经验超过7年。,,No category path,/files/course/2014/09-30/004635b93a24360119.jpg?osf_v5.1.7,No video length,No start date,No end date,No expire date,no 3rd platform,no teacher rating,school URL,school Name,type,stars-3,(2人),244人,课程背景 linux系列课程在开源力量已经运行了快1年了，通过这段时间的课程运行，我们积累了不少经验。现在隆重推出新版“linux从入门到精通课程”。大数据课程由陈莉君老师和eric老师等采用线上联合授课的方式，两位老师身处不同的公司和单位，行业背景完全不同，但是在linux领域都有着自己不同的研究侧重点与项目经验。所以说，通过本课程一门课程的学习，不仅可以学习到linux在不同技术与行业应用，同时也可以了解两位老师所处的不同行业在大数据开发与应用方面的实战经验。  ,"课程大纲 第1章 虚拟化介绍，KVM深度介绍及CPU硬件基础 虚拟化的作用； 虚拟化的发展； 虚拟化的现状； KVM详解； KVM的周边工具 (Qemu, Ovirt, Openstack)； IO子系统详解及源码解读； DMA子系统详解及源码解读； 第2章 intel架构的硬件虚拟化和KVM基本功能实现 intel vt-X详解； intel vt-D详解； CPU的虚拟体系详解； Memory的虚拟详解； Device的虚拟详解； DMA的虚拟详解； device pass-through详解 第3章 KVM中的半虚拟化思想及Live-migration的实现 virtio的实现过程详解； virtio的性能分析和缺陷； KVM live-migration实现 第4章KVM 末来发展的架构方向 KVM storage； KVM networking",http://www.osforce.cn/course/105,instruction,collected_count,purchased_count
生产环境下的Java排错调优,免费,施懿民,知平软件创始人,本期嘉宾：施懿民 知平软件创始人 曾就职于海辉软件任高级测试经理，负责微软.NET虚拟机CLR的测试工作。对Windows和Linux系统，Java与.NET平台均有深入研究，现正从事编译器的编写与研究工作。,,No category path,/files/course/2013/12-06/1835131c7788204004.jpg?osf_v5.1.7,No video length,No start date,No end date,No expire date,no 3rd platform,no teacher rating,school URL,school Name,type,stars-5,(6人),1552人,课程背景 在开发程序的过程中，程序员其实是将较少的时间花在程序编写上，其他更多的时间是在调试程序的过程中。市面上有很多讲解编程技术的书籍，然而设计到发现问题的调试技术，却寥寥无几。,课程大纲 使用eclipse和jdb调试Java程序 演示eclipse的调试技巧 远程调试 Emacs和jdb结合调试 调试Java内存泄露,http://www.osforce.cn/course/55,instruction,collected_count,purchased_count
新一代规则引擎Drools概览,免费,钟华,红帽公司资深JBoss方案架构师,本期嘉宾：钟华 红帽公司资深JBoss方案架构师 在加盟红帽公司之前，在IBM软件部作为资深售前顾问供职6年，拥有13年的IT从业经验，对Java中间件领域相关产品有丰富项目架构设计和实战经验。,,No category path,/files/course/2014/08-20/103719fe9860161908.jpg?osf_v5.1.7,No video length,No start date,No end date,No expire date,no 3rd platform,no teacher rating,school URL,school Name,type,stars-5,(1人),215人,课程背景 作为开源领域中规则引擎的翘楚Drools，已经被很多的Java开发人员及架构师所知晓。红帽公司基于最新的Drools 6 版本在今年2月份发布了最新的规则引擎产品BRMS（Business Rules Management System） 6，此次课程结合了实际案例，阐述了规则引擎在新一代应用开发框架中扮演的角色和定位，同时也会给大家介绍BRMS 6版本中新增的强大功能组件——资源规划引擎。,课程大纲 1.规则引擎适用典型场景 2.红帽规则引擎产品——BRMS简介 3.资源规划引擎技术概览,http://www.osforce.cn/course/214,instruction,collected_count,purchased_count
Android开发入门,¥ 59.00,王童,,本期嘉宾：王童 某大型移动公司 Android架构师 从事Android7年，精通Android架构及各种特性，精通面向对象编程、网络编程、安卓UI框架及相关开发工具。熟练掌握UDP/TCP/IP、http等网络协议。熟练掌握PhoneGap和HTML5等跨平台移动应用程序开发技术。有丰富的项目经验，上线应用数十个涉及多媒体、生活、社交NFC等多个领域。,,No category path,/files/course/2014/07-16/102654e8e106447271.jpg?osf_v5.1.7,No video length,No start date,No end date,No expire date,no 3rd platform,no teacher rating,school URL,school Name,type,stars-0,(0人),842人,课程背景 众所周知随着移动互联网的快速发展，移动应用开发越来越火热。目前手机不单单是传统意义上的娱乐和通信设备，更是个智能的个人终端，可以做的事情很多很多，并且随着智能穿戴设备的普及以及移动互联网向传统领域的渗透，使得移动应用开发前景广阔。Android作为主流的移动操作系统之一，近些年正以不可逆转之势席卷整个移动互联网领域。这次公开课将通过案例分享和串讲帮助您指明Android的学习之路和学习方法，通过公开课的学习能基本熟悉Android应用开发的重点难点，使之后的学习更有目的性。通过这次公开课的分享，希望能够让更多的同学进入Android，加入到Android应用开发的大家庭，享受到用技术改变生活带来的乐趣。,课程大纲 Android现状以及趋势 1. 主流移动操作系统 2. 开放的移动应用开发平台 3. 众多的硬件支持厂商 4. 穿戴设备与汽车 Android L新特性介绍 1. Material Design 2. 多网络支持 3. OpenGL ES 3.1和Android扩展包 4. ART 从事Android开发的前景 1. 社交、电商 2. 企业级无线应用 3. 医疗健康 做Android应用开发需要的知识基础 1. OO思想 2. Java基础知识 3. 多线程 4. XML、数据库以及C、C++基础知识 深入Android Android架构 1. 架构分层思想 2. HAL层的特殊意义 3. JNI介绍 4. Android启动简介,http://www.osforce.cn/course/204,instruction,collected_count,purchased_count
Python Web应用开发框架Django速成,¥ 59.00,Cesc,开源力量资深教授,本期嘉宾：邵育亮 EMC高级软件工程师 曾就职于土豆网基础架构组参与CDN系统的开发测试工作。现在是EMC高级软件工程师，业余生活喜欢和朋友一起用Python捣鼓捣鼓网站开发。,,No category path,/files/course/2014/05-14/081723310242754758.jpg?osf_v5.1.7,No video length,No start date,No end date,No expire date,no 3rd platform,no teacher rating,school URL,school Name,type,stars-0,(0人),1260人,"课程背景 Django 项目是一个python定制框架，它源自一个在线新闻 Web 站点，于 2005 年以开源的形式被释放出来。Django 框架的核心组件有： 1、用于创建模型的对象关系映射 2、为最终用户设计的完美管理界面 3、一流的 URL 设计 4、设计者友好的模板语言 5、缓存系统。 Django(发音：[`dʒæŋɡəʊ]) 是用python语言写的开源web开发框架(open source web framework)，它鼓励快速开发,并遵循MVC设计。Django遵守BSD版权，初次发布于2005年7月, 并于2008年9月发布了第一个正式版本1.0 。 Django 根据比利时的爵士音乐家Django Reinhardt命名，他是一个吉普赛人，主要以演奏吉它为主，还演奏过小提琴等。 由于Django在近年来的迅速发展，应用越来越广泛，被著名IT开发杂志SD Times评选为2013 SD Times 100，位列“API、库和框架”分类第6位，被认为是该领域的佼佼者。","课程大纲 1. Python 基本语法 2. Django 背景介绍 3. Demo for a ""Hello World"" 4. Django ORM 介绍 5. Django Template介绍 6. Django View 介绍 7. How to build a simple blog using Django + Admin",http://www.osforce.cn/course/179,instruction,collected_count,purchased_count
面向对象的设计模式,¥ 59.00,蔡茂华,亚信科技电子渠道服务部 软件工程师,本期嘉宾：蔡茂华 亚信科技软件工程师。 八年大型软件系统项目设计、开发经验，具有多年电信行业软件开发背景。五年以上团队管理经验，多次主讲过设计模式及UML等课程。,,No category path,/files/course/2014/11-25/101923baebff642775.jpg?osf_v5.1.7,No video length,No start date,No end date,No expire date,no 3rd platform,no teacher rating,school URL,school Name,type,stars-0,(0人),1142人,课程背景 设计模式（Design pattern）是一套被反复使用、多数人知晓的、经过分类编目的、代码设计经验的总结。设计模式提供了一套通用的设计词汇和一种通用的语言，以方便开发人员之间进行沟通和交流，使得设计方案更加通俗易懂； 通过学习设计模式，让人们可以更加简单方便地复用成功的设计和体系结构；使得设计方案更加灵活，且易于修改；将提高软件系统的开发效率和软件质量，且在一定程度上节约设计成本；有助于从业人员更深入地理解面向对象思想，方便阅读和学习现有类库与其他系统中的源代码。,课程大纲 设计模式简介 面向对象的设计原则 Uml概述 简单工厂模式 工厂方法模式,http://www.osforce.cn/course/270,instruction,collected_count,purchased_count
Linux内核源码深度解析与开发实战,¥ 590.00,Eric,Linux内核华人贡献前10,讲师Eric，Linux Kernel社区一线开发工程师， linux kernel社区华人贡献中排名前10位。现任职于美资500强外企，从事KVM的开发超过4年，内核开发经验超过7年。,,No category path,/files/course/2014/02-28/0237200b9383683321.jpg?osf_v5.1.7,No video length,No start date,No end date,No expire date,no 3rd platform,no teacher rating,school URL,school Name,type,stars-4,(1人),59人,no desc,no outline,http://www.osforce.cn/course/97,instruction,collected_count,purchased_count
Linux内核源码研读与实战演练,¥ 590.00,Eric,Linux内核华人贡献前10,本期嘉宾：Eric Linux内核华人贡献前10 Linux Kernel社区一线开发工程师， linux kernel社区华人贡献中排名前10位。现任职于美资500强外企，从事KVM的开发超过4年，内核开发经验超过7年,,No category path,/files/course/2014/09-30/174313169e2f049358.jpg?osf_v5.1.7,No video length,No start date,No end date,No expire date,no 3rd platform,no teacher rating,school URL,school Name,type,stars-5,(3人),262人,课程背景 linux系列课程在开源力量已经运行了快1年了，通过这段时间的课程运行，我们积累了不少经验。现在隆重推出新版“linux内核开发从入门到精通系列课程”。整个课程由陈莉君老师和eric老师等采用线上联合授课的方式，两位老师身处不同的公司和单位，行业背景完全不同，但是在linux领域都有着自己不同的研究侧重点与项目经验。所以说，通过本系列课程的学习，不仅可以学习到linux在不同技术与行业应用，同时也可以了解两位老师所处的不同行业在linux开发与应用方面的实战经验。,课程大纲 第1部分 Linux 内核中的基础数据结构 内核模块； list链表； rb_tree； 第2部分 Linux内核中的同步方法详解 lock锁； mutex； spin_lock； RCU； atomic operations原子操作 第3部分 内存管理和进程管理 page allocator； slab allocator； fork的实现； exit的实现； 信号处理 第4部分 中断/异常处理，定时器，IPC的实现 中断/异常的硬件基础； 内核中中断的实现； wall time； 定时器； hrtimer； xtimer； CFS调度器； 共享内存； 信号量,http://www.osforce.cn/course/83,instruction,collected_count,purchased_count
拥抱开源，企业IT自主之路,免费,章文嵩,阿里巴巴集团副总裁,阿里巴巴集团副总裁，高级研究员，LVS开源软件创始人,,No category path,/files/course/2013/12-06/18554621e97c802072.jpg?osf_v5.1.7,No video length,No start date,No end date,No expire date,no 3rd platform,no teacher rating,school URL,school Name,type,stars-0,(0人),817人,no desc,no outline,http://www.osforce.cn/course/67,instruction,collected_count,purchased_count
Java事件编程,¥ 59.00,彭晨阳,,本期嘉宾：彭晨阳 网名板桥banq ， 培训咨询顾问 从事软件行业20年，Jdon.com自媒体主持人，分别在软件建模与软件架构两个领域有自己的研究与实践心得。,,No category path,/files/course/2013/12-06/1845360eac82374237.jpg?osf_v5.1.7,No video length,No start date,No end date,No expire date,no 3rd platform,no teacher rating,school URL,school Name,type,stars-0,(0人),713人,课程背景 讲解如何在Java环境下进行事件并发编程。,课程大纲 1.传统编程模型的缺点 2.事件编程模型的特点 3.CQRS架构特点 4.领域驱动设计开发 5.Java事件编程举例,http://www.osforce.cn/course/66,instruction,collected_count,purchased_count
iOS技术架构剖析之数据交换,免费,高文华,sun J2EE讲师、CEAC认证讲师,本期嘉宾：高文华 sun J2EE讲师、CEAC认证讲师、某大型移动公司iOS架构师 10年开发经验。从事iOS开发6年，精通iOS架构，精通面向对象编程、网络编程、熟悉掌握UDP/TCP/IP、Http等。,,No category path,/files/course/2014/09-12/103708424912481653.jpg?osf_v5.1.7,No video length,No start date,No end date,No expire date,no 3rd platform,no teacher rating,school URL,school Name,type,stars-0,(0人),387人,课程背景 随着移动互联网的快速发展，移动应用开发越来越得到企业和个人的青睐。大多数企业开始转向移动互联网领域，开始扩展多渠道推广模式。在相应网站平台之上架设对移动端的支持。这次公开课通过对架构的搭建，让大家熟悉服务器端和客户端之间是如何数据交换的。,课程大纲 一、3rd介绍 ASIHttpRequest封装 二、json规范 json格式 三、http post&get传参方式 URL&Dictionary 四、网络异常处理 五、代码编写及调试 手把手实现 六、Q&A,http://www.osforce.cn/course/228,instruction,collected_count,purchased_count
虚拟文件系统：从原理到实现,免费,陈莉君,西安邮电大学教授,本期嘉宾：陈莉君 西安邮电学院教授 十多年来致力于推动Linux在中国的发展，深入研究Linux内核相关理论以及技术，积极跟踪Liunx 内核发展动向，针对Linux内核版本的不断演化，连续编写和翻译了有关专著、译著及教材多部。 专著《Linux操作系统内核分析》曾被指定为中科院考博参考书；所翻译的《深入理解Linux源代码》和《Linux内核设计与实现》是Linux开发者的必读书；撰写的《Linux操作系统原理与应用》被列为国家 “十一五”规划教材,,No category path,/files/course/2014/08-28/091613d85909440326.jpg?osf_v5.1.7,No video length,No start date,No end date,No expire date,no 3rd platform,no teacher rating,school URL,school Name,type,stars-5,(1人),394人,课程背景 数据的存储和检索方式日益增多，其每一种方式背后都隐藏着一种管理机制，也即一种文件系统。每一种文件系统都有各自独特的个性，用户程序如何面对个性纷呈的不同文件系统？是否有一种统领大众的文件系统把用户解放出来？VFS（Virtual Filesystem Switch）正是为此而设计。 本讲座从VFS的引入入手，介绍其涉及的主要数据结构以及缘由。以cp拷贝不同文件系统中的文件为实例，在分析文件open，read以及write实现代码的基础上，重点讲述文件系统的实现中涉及的各种cache，从而为实现自己的文件系统以及优化打下基础。,课程大纲 1. VFS的引入 2. VFS设计中涉及的6个主要数据结构 3. open的源代码分析 4. 如何查找文件 5. Dentry cache数据结构及分析 6. buffer cache数据结构及分析 7. Read源码的分析（包括page cache的分析） 8. 简述write的实现,http://www.osforce.cn/course/219,instruction,collected_count,purchased_count
OpenStack在企业持续集成中的实战,¥ 59.00,罗勇,,本期嘉宾：罗勇 开源软件爱好者。 目前任职某知名世界500强电信公司，从事云计算相关产品研发工作，多年云计算IaaS、PaaS、SaaS相关产品开发运维经验，尤其擅长基于IaaS的持续交付系统设计与开发，目前所在团队管理着日部署上万个Instance的OpenStack集群，支持每天上百次产品部署发布，对开源云平台OpenStack开发和运维都有较深入的研究,,No category path,/files/course/2014/10-08/183647f27e1e487522.jpg?osf_v5.1.7,No video length,No start date,No end date,No expire date,no 3rd platform,no teacher rating,school URL,school Name,type,stars-0,(0人),648人,课程背景 持续集成（CI）可以说是软件开发领域的一个老话题，如何利用有限的资源实现高效的持续集成系统，辅助日常开发和测试一直是一个永恒的话题。在云计算时代，这个话题的内涵和外延发生着一些有趣变化，众所周知云计算的弹性计算、按需付费、高度自动化给软件开发和运维带了便捷，持续集成的实施过程涉及到软件开发的整个生命周期，如何能快速、可靠地构建，部署，测试每次发生变更的代码，这是衡量持续集成系统优劣的唯一标准。这次公开课将以某企业真实案例作为背景，讲解如何利用开源云计算框架（OpenStack）搭建企业私有云，实现硬件资源高度利用和增强部署灵活性，并最终提升持续集成服务能力。通过这次公开课的分享，希望对正在实施或者将要实施持续集成的听众带来启发和帮助。,课程大纲 1.OpenStack/持续集成概述 2.持续集成系统实施面临难题 3.OpenStack 对持续集成带来的好处 4.案例分享（基于私有云的持续集成系统分析与设计） 代码复查 代码检查 构建 包仓库管理 配置管理 自动部署 自动化测试 报表与提醒 5.搭建基于私有云的持续集成系统几点建议,http://www.osforce.cn/course/200,instruction,collected_count,purchased_count
数据挖掘入门指引,免费,zenglp,数据挖掘专家，曾于美国纽约州立大学大气科学中心，任数据分析/挖掘博士后研究员,本期嘉宾：曾立平 亚联数据挖掘专家 有8年数据挖掘工作经验，擅长数据分析/挖掘，亚联数据挖掘专家。他曾主持和指导多个省份电信数据挖掘项目的开发，在数据挖掘实战方面有很丰富的经验。,,No category path,/files/course/2014/03-06/1750593ee0ba451834.jpg?osf_v5.1.7,No video length,No start date,No end date,No expire date,no 3rd platform,no teacher rating,school URL,school Name,type,stars-0,(0人),1707人,课程背景 大数据的核心是价值，如何挖掘数据价值，应用是引导，挖掘是关键。数据挖掘是交叉学科，统计学和机器学习是其中最重要的基础。大数据处理不是数据分析，数据分析是什么，数据分析和数据挖掘的区别，数据挖掘的流程、重要环节和主要算法，大数据挖掘和传统数据挖掘的区别，课程会给出一个清晰的认识。,课程大纲 1. 数据分析概述 2. 数据挖掘流程 3. 常用算法介绍 4. 模型应用案例 5. 大数据挖掘技术 6. 大数据应用案例,http://www.osforce.cn/course/112,instruction,collected_count,purchased_count
HBase源码解析与开发实战,¥ 499.00,LouisT,IBM Hadoop架构师,本期嘉宾：LouisT IBM Hadoop架构师 目前就职于IBM公司，主要从事对Hadoop生态系统的移植，以及其性能优化工作。熟悉HDFS架构以及Mapreduce原理和相关编程；曾经改进了HDFS数据块动态复制策略，利用系统特性提高native I/O速度，使hadoop支持高吞吐率和高并发性。同时提高了Mapreduce的容错能力，支持多任务的抢占和高并发。,,No category path,/files/course/2014/12-11/1625222bbdea049939.jpg?osf_v5.1.7,No video length,No start date,No end date,No expire date,no 3rd platform,no teacher rating,school URL,school Name,type,stars-4,(4人),207人,课程背景 大数据系列课程在开源力量已经运行了快1年了，通过这段时间的课程运行，我们积累了不少经验。现在隆重推出新版“大数据从入门到精通课程”。大数据课程由贾老师和王老师采用线上联合授课的方式，贾老师负责讲授Hive的内容，王老师讲授Hbase的内容，两位老师身处不同的公司，行业背景完全不同，但是在大数据领域都有着自己不同的研究侧重点与项目经验。王老师还会负责hadoop课程的授课，贾老师将承担后期的Spark，mahout，sqoop，storm部分。所以说，通过本课程一门课程的学习，不仅可以学习到大数据领域中Hadoop、hive、hbase，spark，storm，mahout、sqoop等在不同技术与行业应用，同时也可以了解两位老师所处的不同行业在大数据开发与应用方面的实战经验。,课程大纲 学习内容： Hbase系统搭建与部署，Hbase shell操作； 客户端API操作，包括put、get、delete方法以及批量处理操作与客户端缓存，HTable类与Bytes类的使用； 比较过滤器、专用过滤器、附加过滤器、自定义过滤器的使用 计数器的使用，协处理器（coprocessor类、regionobserver类、masterobserver类、endpoint）的使用 HTablePool类的使用 实战：搭建Hbase集群；使用Hbase shell进行表的操作；利用Hbase API编写客户端工具操作Hbase集群 收获内容： 熟练掌握Hbase集群的搭建，能够利用Hbase shell对数据进行操作与查询； 熟练使用客户端API，了解过滤器、计数器、协处理器以及HTablePool的使用 第二周：客户端API的管理功能、MapReduce系统集成 学习内容： 利用HbaseAdmin类进行Hbase表的管理，包括表、属性、列的操作； MapReduce集成，编写Mapreduce程序实现对HBase表的select，多表join，聚合操作，sort等功能 实战：通过利用Mapreduce实现数据的查询、聚合、连接等操作 收获内容： 掌握基于Hbase的Mapreduce程序编写，实现对表的操作 第三周：HBase系统架构原理 主要介绍： Hbase中数据的查找与传输，数据结构B+树、LSM树介绍； 数据存储格式HFile格式、KeyValue格式； WAL机制，HLog类、HLogKey类、WALEdit类、LogSyncer类、回放与持久性； region、-root-表的查找； LogEdit的生命周期与内部机制； Coprocessor实现； 二级索引HIndex原理 实战：自定义Coprocessor的实现；HIndex的使用 收获内容： 了解WAL机制 Coprocessor的内部实现 二级索引HIndex的实现原理 第四周：HBase高级用法 主要介绍： Hbase表的行键设计，高表与宽表、部分键扫描、分页、时间序列、时间顺序关系； 高级模式； 辅助索引； 搜索集成； 事务； BloomFilter布隆过滤器； 隐式版本控制与自定义版本控制 实战：Hbase表的行健设计 收获内容： Hbase的高级用法，Hbase行健设计的一般方法与各自的特点 第五周：HBase系统集成与案例实战 主要介绍： 利用hbase、Solr和Solr-IndexBuilder，设计与实现一个在线Hbase数据存储与实时查询系统，构建基于Hbase的SQL查询系统 实战：设计与开发一套数据存储与实时查询系统 收获内容： 从系统设计、开发、集成的角度，掌握Hbase的各项操作与性能优化方案，构建自己的实时查询系统,http://www.osforce.cn/course/118,instruction,collected_count,purchased_count
Python入门指引,¥ 59.00,许智翔,,本期嘉宾：许智翔 有7年工作经验，擅长系统/安全，主要活跃在shlug和cpug社区。 他曾主持过多个大型系统的设计和开发，是python-segment和uniproxy的作者，也是python-formalchemy和python-snappy的debian包维护者。,,No category path,/files/course/2013/12-06/18440228c436220630.jpg?osf_v5.1.7,No video length,No start date,No end date,No expire date,no 3rd platform,no teacher rating,school URL,school Name,type,stars-5,(5人),1823人,课程背景 Python的设计哲学是“优雅”、“明确”、“简单”。因此，Perl语言中“总是有多种方法来做同一件事”的理念在Python开发者中通常是难以忍受的。Python开发者的哲学是“用一种方法，最好是只有一种方法来做一件事”。在设计Python语言时，如果面临多种选择，Python开发者一般会拒绝花俏的语法，而选择明确的没有或者很少有歧义的语法。,课程大纲 1. 入门 2. Web 3. 爬虫 4. UI 5. 系统和部署 6. 网络 7. Web容器 8. ORM 9. 各种其它：科学计算，图形处理，模板，文档,http://www.osforce.cn/course/64,instruction,collected_count,purchased_count
Apache OFBiz在电商网站的实践,免费,黄柏华,OFBiz架构师，首席程序员。,本期嘉宾：黄柏华 百货购架构师，首席程序员 百货购架构师，首席程序员。 对Java、后台系统、大型网站有多年实践。,,No category path,/files/course/2014/05-23/1126019ebfef361672.jpg?osf_v5.1.7,No video length,No start date,No end date,No expire date,no 3rd platform,no teacher rating,school URL,school Name,type,stars-5,(6人),961人,课程背景 Apache OFBiz不仅是一个产品及订单管理系统，它还提供了一整套功能，涵盖企业所需的方方面面。除了管理产品及其相关内容(如电子商店)外，Apache OFBiz还能履行许多其它重要角色，包括客户关系管理、项目进度、计费管理、人力资源管理以及订单管理。简而言之，它就是一个企业资源规划器。世界上有上千个企业在某方面或多方面依赖于OFBiz。百货购就是其中之一。百货购，你身边的云超市 http://100hg.com . 此公开课介绍了百货购选择Apache OFBiz构建电子商务平台的实践过程。 参考文档：http://forge.huihoo.com/projects/docs/files .,课程大纲 1.选择OFBiz的种种考虑； 2.熟悉OFBiz的主业务，包括类目，产品，订单，设施，内容，购物车，货运业务； 3.研CoreOS趋势及技术剖析,¥ 59.00,汪洋,开源战略规划专家,本期嘉宾：汪洋,,No category path,/files/course/2015/01-30/1933404356c8614223.jpg?osf_v5.1.7,No video length,No start date,No end date,No expire date,no 3rd platform,no teacher rating,school URL,school Name,type,stars-4,(1人),185人,课程背景 云计算新星 Docker 正在以火箭般的速度发展，与它相关的生态圈也渐入佳境，CoreOS 就是其中之一。CoreOS 是一个全新的、面向数据中心设计的 Linux 操作系统，在2014年7月发布了首个稳定版本，目前已经完成了800万美元的A轮融资。 CoreOS 专门针对大型数据中心而设计，旨在以轻量的系统架构和灵活的应用程序部署能力简化数据中心的维护成本和复杂度。 在数据中心演进的过程中，对操作系统提出了高效、轻量级、分布式集群等诉求，CoreOS是目前最成熟和完善的面向下一代数据中心的开源操作系统。,课程大纲 1 . 数据中心OS演进趋势 2 . CoreOS的定位及特点 3 . CoreOS关键技术剖析 4 . CoreOS未来发展方向,http://www.osforce.cn/course/309,instruction,collected_count,purchased_count
ing,school URL,school Name,type,stars-0,(0人),914人,课程背景 大数据已经从之前的”大“，慢慢转变为现在的”快“，本期吴朱华将讲述大数据如何变快的。,课程大纲 1. 什么大数据实时分析？ 2. 为什么需要大数据实时分析？ 3. YunTable是如何做到大数据实时分析？ 4. YunTable在大数据实时分析方面的场景和案例；,http://www.osforce.cn/course/71,instruction,collected_count,purchased_count
Spark：大数据时代的电光火石,¥ 59.00,白硕,亚信联创橘云大数据-架构师,本期嘉宾：白硕 亚信联创橘云大数据-架构师 有十余年软件开发和架构设计经验，喜欢研究各种开源框架，并积累了一些心得。目前正在研究基于scala的spark和kafka。现在在亚信联创的橘云大数据部门担任架构师,,No category path,/files/course/2014/04-15/1802444a7ac6239968.jpg?osf_v5.1.7,No video length,No start date,No end date,No expire date,no 3rd platform,no teacher rating,school URL,school Name,type,stars-0,(0人),896人,课程背景 Spark是发源于美国加州大学伯克利分校AMPLab的集群计算平台。它立足于内存计算，从多迭代批量处理出发，兼收并蓄数据仓库、流处理和图计算等多种计算范式，是罕见的全能选手。 Spark已正式申请加入Apache孵化器，从灵机一闪的实验室“电火花”成长为大数据技术平台中异军突起的新锐。本文主要讲述Spark的设计思想。Spark如其名，展现了大数据不常见的“电光石火”。,课程大纲 1. spark简介 推荐链接：http://www.tuicool.com/articles/2uA773 2. scala语法介绍 函数式编程 闭包 几个关键的函数:map 和flatmap 3. spark的关键组件 master worker sparkContext（client） 4. 4种rdd 输入rdd，转化rdd，缓存rdd 行动rdd（只有最后一种才会进行计算） 5. 一个wordcount例子 解释刚才讲过的rdd，图例解释DAG的概念 6. stage的概念 stage存在的意义，stage和依赖的关系 什么是数据的pipeline 7. 两种Task Task的提交与执行 8 计算结果,http://www.osforce.cn/course/137,instruction,collected_count,purchased_count
Linux红帽认证工程师(RHCE)培训,¥ 699.00,宁方明,信息产业部高级培训讲师,本期嘉宾：宁方明 思科认证网络高级工程师 信息产业部高级培训讲师信息产业部高级培训讲师，工业和信息化部信息系统项目管理师，Red Hat Certified Architect 红帽认证架构师，Red Hat Certified Engineer红帽认证工程师，Cisco Certified Network Professional——思科认证网络高级工程师。对网络架构和网络系统的安全配置，有丰富的见解和认知。编著有《Linux 系统管理》等专业书籍，受到了广大读者的好评.,,No category path,/files/course/2014/09-29/17213825babf721713.jpg?osf_v5.1.7,No video length,No start date,No end date,No expire date,no 3rd platform,no teacher rating,school URL,school Name,type,stars-5,(4人),240人,课程背景 一、RHCSA RHCSA认证是RedHat入门级认证，通过此项认证可独立完成RedHat Linux本地客户的配置，包括安装调配Linux的本地使用、本地网络客户和本地系统的排除; 二、RHCE(Red Hat Certified Engineer) RHCE认证展示了高级系统管理员应掌握的技能，是世界第一个面向Linux的考试。由于全部现场实际操作，所以成了公认的最难认证考试之一; 三、RHCA（Red Hat Certified Architect） RHCA认证适合已经获得RHCE证书，想进一步提升在该领域的技能和竞争力；正从事Linux等相关工作的系统集成商站或Linux高级工程师、系统架构师。,课程大纲 Linux系统管理 Shell基本应用 用户与用户组管理 文件目录的权限与归属 进程管理 磁盘管理 逻辑卷 软件管理 网络基础 NFS服务 Linux安全配置 RHCE Shell脚本 高级网络配置 高级网络配置 包过滤防火墙 netfilter iptables 常用网络服务器配置 FTP服务器配置 SELinux配置 电子邮件系统 PostFix服务器配置 NTP服务器配置 日志分析与管理 构建SAMBA服务器 构建NFS服务器 集中的安全存储 构建DNS服务器 构建DHCP服务器 配置PXE服务器 RPM包制作发布 网络地址转换 SSH-VNC配置 代理服务器配置 服务器监控软件安装与配置 cacti ntop weblizer awstats 系统恢复与故障排除 实验课,http://www.osforce.cn/course/215,instruction,collected_count,purchased_count
OpenStack Swift存储架构剖析&源码初探,¥ 59.00,李明宇,,本期嘉宾：李明宇博士 C3俱乐部核心成员之一。 目前在中国科学院担任课题组长。2008年进入中科院软件所工作以来，带领团队完成多个云计算方面的工程项目，在船舶、航天等领域多个国家大型工程项目中负责私有云和大数据系统的设计与实施，为互联网公司提供相关的培训、咨询和系统优化。目前主要研发方向为分布式对象存储、大数据系统云化。 IEEE云计算与信号处理国际研讨会发起人，在IEEE云计算学报（IEEE Transaction on Cloud Computing）等多个国际期刊担任审稿人。在高水平国际会议和SCI期刊上上发表论文十多篇，并拥有多项专利。 作为演讲嘉宾出席IEEE云工程国际会议（IEEE International Conference on Cloud Engineering）、Cloud Connect China大会等多个云计算方面的技术和学术会议。,,No category path,/files/course/2014/11-12/1146433480a8387206.jpg?osf_v5.1.7,No video length,No start date,No end date,No expire date,no 3rd platform,no teacher rating,school URL,school Name,type,stars-5,(1人),780人,no desc,课程大纲 1. OpenStack Swift对象存储的特点 介绍Swift的历史、用途、特点和部署方式。 2. Swift架构剖析 剖析Swift的架构，分析可能存在的瓶颈和优化方法。 3. Swift源码初探 简要分析Swift源代码的组织，演示开发环境安装过程，介绍如何通过开发Swift的Middleware。,http://www.osforce.cn/course/264,instruction,collected_count,purchased_count
Hive源码解析与开发实战,¥ 499.00,讲师_贾杰,Hadoop工程师,本期嘉宾：贾杰 Hadoop工程师 目前就职于国内第一大网络视频公司，主要从事大数据分析工作，有多年工作经验与hadoop实战经验。对Hadoop及其相关技术有较深入的研究，参与多个分布式云计算项目的研究和实施，对hive有着丰富的实践经验，对于数据挖掘和推荐系统也有深刻的认识。,,No category path,/files/course/2014/09-30/0133255ca509575610.jpg?osf_v5.1.7,No video length,No start date,No end date,No expire date,no 3rd platform,no teacher rating,school URL,school Name,type,stars-5,(1人),181人,课程背景 Hadoop系列大数据课程在开源力量已经运行了快1年了，通过这段时间的课程运行，我们积累了不少经验。现在隆重推出新版“大数据从入门到精通课程”。大数据课程由贾老师和王老师采用线上联合授课的方式，贾老师负责讲授Hive的内容，王老师讲授Hbase的内容，两位老师身处不同的公司，行业背景完全不同，但是在大数据领域都有着自己不同的研究侧重点与项目经验。王老师还会负责hadoop课程的授课，贾老师将承担后期的Spark，mahout，sqoop，storm部分。所以说，通过本课程一门课程的学习，不仅可以学习到大数据领域中Hadoop、hive、hbase，spark，storm，mahout、sqoop等在不同技术与行业应用，同时也可以了解两位老师所处的不同行业在大数据开发与应用方面的实战经验。,课程大纲 学习内容 第一部分：Hive的环境搭建、基本操作、存储类型与复合数据类型 主要介绍： Hive的安装、Hive的负载均衡搭建、Hive的访问方式、Hive的数据类型、Hive的CLI操作介绍；TextFile、Sequence File、RCFile、Hive的自定输入格式、数据结构；Hive表的创建，内部表和外部表，表的分区，删除表，修改表，查询语句以及where语句 实战：搭建hive环境；不同数据格式的存储，自定义输入格式并使用；使用不同方式创建内表、外表，新建表分区，编写查询语句 收获内容：了解hive相关知识，学会搭建hive环境，了解元数据存储以及hive基本操作；学会使用hive不同数据存储格式，并学会如何自定义输入格式并在hive中使用；了解hive不同表之间的区别，学会对表的一些操作，了解hive分区，以及分区的操作 第二部分：数据加载、修改表属性以及Hive高级查询语句 主要介绍： Hive加载数据，hive导出数据，修改列属性，修改表的元数据，buckets；group by、Join、Order by、Sort by、distribute by、cluster by、Union all、索引和视图； 实战：使用命令为表加载数据，查看、修改表属性 收获内容：了解hive数据实际存储格式，使用不同手段为表加载数据，了解如何查看表的属性并对其进行修改，了解bucket与并使用；学习了解hive支持的高级查询，学会编写高级hql以及了解其底层实现原理。了解视图、索引使用的环境 第三部分：Hive的内置函数、自定义UDF和UDAF实战 主要介绍：正则表达式使用，比较常用的内置函数，UDF，UDAF；explain，队列设置，Join优化，本地模式和并行执行，设置Mapper和Reducer的个数，JVM重用，动态分区调整，推测执行，Hive的debug调试 实战：学会正则表达式在hql中的使用，学习一些比较常用的内置函数，学会编写UDF、UDAF 收获内容：内置函数使用，学会编写自定义UDF和UDAF 第四部分：Hive调优与安全，Hive原理与体系结构 主要介绍：查看hive执行计划，进行hql优化，同时进行hive的优化；Hive的Hadoop安全的整合，使用Hive进行验证，Hive的权限管理，分区级别的权限，自动授权；了解 Hive的基本原理，体系结构与编译执行流程 实战：学会hive调优方法；进行用户、组、角色的权限管理 收获内容：了解如何查看hive的执行计划，并根据执行计划优化hql，学会hive中一些优化方法；了解hive和Hadoop权限之间的关系，学会如何设置用户、组、角色的权限进行权限管理 第五部分：Hive的集成与案例实战 主要介绍：日志处理实战，了解某公司的数据仓库集群架构 实战：进行日志分析处理工作，搭建自己的数据仓库架构 收获内容：学习目前日志分析的常规工作，了解企业现有的一些架构，并搭建数据仓库,http://www.osforce.cn/course/132,instruction,collected_count,purchased_count
HBase原理、应用和新特性,¥ 59.00,LouisT,IBM Hadoop架构师,本期嘉宾：LouisT IBM Hadoop架构师 目前就职于IBM公司，主要从事对Hadoop生态系统的移植，以及其性能优化工作。熟悉HDFS架构以及Mapreduce原理和相关编程；曾经改进了HDFS数据块动态复制策略，利用系统特性提高native I/O速度，使hadoop支持高吞吐率和高并发性。,,No category path,/files/course/2014/08-25/234623f9efb1006113.jpg?osf_v5.1.7,No video length,No start date,No end date,No expire date,no 3rd platform,no teacher rating,school URL,school Name,type,stars-0,(0人),320人,课程背景 随着互联网数据的日益增多，传统的数据库在存储非结构化数据和可扩展性方面就显得捉襟见肘。而HBase作为开源的BigTable解决方案，依托Hadoop生态圈的蓬勃发展，越来越多的被企业用来作为数据的在线存储方案，以解决PB级数据的实时存储与高并发访问。当然在Hbase的使用过程中也会碰到一些问题，这个是由Hbase的设计特点所决定的，并不能完全按照传统数据库的方式来对待分布式数据库。此次公开课就Hbase的原理、应用和新特性做简单分析。,课程大纲 1. Hbase原理 2. Hbase应用 3. Hbase新特性,http://www.osforce.cn/course/217,instruction,collected_count,purchased_count
IOS系列课程（一年）VIP.课程入口,¥ 899.00,no teacher,no teacher_rating,no teacher desc,,No category path,/files/course/2014/10-20/140224013e19013367.jpg?osf_v5.1.7,No video length,No start date,No end date,No expire date,no 3rd platform,no teacher rating,school URL,school Name,type,stars-0,(0人),4人,no desc,no outline,http://www.osforce.cn/course/255,instruction,collected_count,purchased_count
移动互联网（android）系列课程（一年）VIP.课程入口,¥ 899.00,no teacher,no teacher_rating,no teacher desc,,No category path,/files/course/2014/10-15/172933e009ea037488.jpg?osf_v5.1.7,No video length,No start date,No end date,No expire date,no 3rd platform,no teacher rating,school URL,school Name,type,stars-0,(0人),10人,no desc,no outline,http://www.osforce.cn/course/253,instruction,collected_count,purchased_count
云计算系列课程（一年）VIP.课程入口,¥ 899.00,no teacher,no teacher_rating,no teacher desc,,No category path,/files/course/2014/10-15/175210a28a74923781.jpg?osf_v5.1.7,No video length,No start date,No end date,No expire date,no 3rd platform,no teacher rating,school URL,school Name,type,stars-0,(0人),68人,no desc,no outline,http://www.osforce.cn/course/254,instruction,collected_count,purchased_count
大数据系列课程（一年）VIP. 课程入口,¥ 899.00,no teacher,no teacher_rating,no teacher desc,,No category path,/files/course/2014/10-15/14330845b73b551320.jpg?osf_v5.1.7,No video length,No start date,No end date,No expire date,no 3rd platform,no teacher rating,school URL,school Name,type,stars-0,(0人),48人,no desc,no outline,http://www.osforce.cn/course/252,instruction,collected_count,purchased_count
以即时通讯核心技术助理App社交化,免费,杨攀,融云CTO,本期嘉宾：杨攀 神州泰岳旗下融云业务的 CTO，负责融云的产品和研发工作。融云是国内首家专业的即时通讯云服务提供商，专注为互联网、移动互联网开发者提供即时通讯基础能力和云端服务。 国内第一批 .Net 开发者、MCSD 讲师、开源项目作者，参与过微软 MSN Messenger Mobile China 业务的开发和管理工作。加入神州泰岳后，历任技术总监、总监、高级总监，负责过飞信社区、开放平台和即时通讯核心业务的管理工作,,No category path,/files/course/2014/10-10/113221508fa7709599.jpg?osf_v5.1.7,No video length,No start date,No end date,No expire date,no 3rd platform,no teacher rating,school URL,school Name,type,stars-0,(0人),63人,no desc,no outline,http://www.osforce.cn/course/246,instruction,collected_count,purchased_count
应用程序调试技术之Windows篇,¥ 399.00,施懿民,知平软件创始人,本期嘉宾：施懿民 知平软件创始人 曾就职于海辉软件任高级测试经理，负责微软.NET虚拟机CLR的测试工作。对Windows和Linux系统，Java与.NET平台均有深入研究，现正从事编译器的编写与研究工作。,,No category path,/files/course/2014/10-13/095454e34edf286113.png?osf_v5.1.7,No video length,No start date,No end date,No expire date,no 3rd platform,no teacher rating,school URL,school Name,type,stars-3,(1人),46人,课程背景 Windows应用程序调试技术实务分为调试基本概念和设置，Windows下常用到调试工具VS和Windbg的使用，自动化调试技术，以及实际调试场景示例等。不仅仅是介绍枯燥的程序调试技术，而是深入的从操作系统实现以及.NET虚拟机实现的本质出发，介绍调试工作中的工作方法、流程和相关技术。 本课程的讲师长期从事程序调试工作，参与了大量的程序调试工作。,课程大纲 第1讲 准备调试环境 调试符号文件的作用； 创建符号文件的方法； 在调试器里有无符号文件的区别； 公开符号版本和私有符号版本的区别； 创建公开符号文件的方法； 了解符号文件服务器的作用； 掌握在Visual Studio以及Windbg里使用符号文件的方法； 了解无法调试程序时的排错步骤。 第2讲 管理符号文件与源代码 创建符号文件服务器； 调试时集成符号文件服务器和源代码版本控制服务器，以便调试时，调试机不需要有程序的源代码，调试器会自动从源代码服务器上下载正确的版本。讲解了集成SVN和Visual SourceSafe两种版本服务器的方法，这样方便一个大型研发团队进行每日编译（daily build）式的开发测试环境。如果跟第26讲（验尸调试）结合来看的话，甚至可以在团队局域网内部建立一个自动的BUG收集服务器，跟符号服务器、源码服务器配合组成一个随时随地的BUG跟踪和分析系统。 第3讲 Visual Studio基本调试技术 断点的实现原理； 条件断点以及跟踪断点； 函数断点以及异常断点； 原生程序设置数据断点； VS提供的各个调试窗口简介； 调试浮点数计算错误的方法。 第4讲 Visual Studio调试技术中 在程序启动和异常终止时附加调试器； 设置远程调试； 使用RPC调试功能同时调试COM程序的客户端和服务器端； 在立即窗口里调试刚刚写好的函数； SQL调试技术，即在ASP.NET网站或者ADO.NET程序中，单步跟进数据库存储过程等一系列数据库调试技巧。 第5讲 Visual Studio自动化调试及并行调试 在C++和.NET程序里添加调试支持，方便调试器在调试的时候收集信息； 使用Visual Studio的自动化接口编写自动化调试脚本； 调试并行代码，分析性能瓶颈 第6讲 Windbg 基本功能介绍 作业讲解里有调试WPF程序，分析WPF程序性能瓶颈的方法； Windbg的基本调试命令讲解，设置断点，加载符号文件，查看内存等基本命令 第7讲 调试栈溢出问题（上） 第8讲调试栈溢出问题（下） 两个视频是连续的。 从汇编的角度以及实际函数调用过程讲解了栈的实现，以及调用函数时的创建栈和释放栈的过程； 内存溢出问题的调查步骤； 栈溢出病毒攻击的原理； 调试栈溢出问题的方法； C++各种调用规范（Calling Convention）的讲解以及相关函数调用演示； 在.NET里调用使用不同调用规范的函数； 调用规范不匹配导致栈溢出的调查方法； 防范栈溢出的措施。 第9讲调试堆溢出问题（上） 第10讲调试堆溢出问题（中） 第11讲调试堆溢出问题（下） 三个视频是连续的 CRT调试堆的实现； 使用CRT调试堆检查堆溢出问题 ； 从系统内核的角度讲解Windows内存堆的实现，以及演示堆里面内存的分配和释放过程； 堆溢出的原理讲解 调试堆溢出的方法 调试释放内存时使用了错误的堆句柄这个错误的方法 调试使用未初始化内存问题的方法 第12讲调试资源泄露问题（上） 第13讲调试资源泄露问题（下） 两个视频是连续的 调试堆内存泄露这个很常见的编程错误 调试进程内和进程间句柄泄露的方法 在MFC里检查内存泄露的办法 调试JavaScript里内存泄露 第14讲调试多线程问题（上） 第15讲调试多线程问题（下） 两个视频是连续的 调试多线程间数据竞争的问题 在多线程里添加调试支持 调试用户态线程同步死锁问题 调试内核态线程同步死锁问题 调试竞争锁资源问题 调试使用CPU资源过多的问题 多线程编程的注意事项 第16讲内核调试与托管程序调试准备工作（上） 调试Windows内核的方法，以及设置源代码级内核调试的方法 第17讲内核调试与托管程序调试准备工作（下） 在windbg里调试.NET程序的方法及原理 在windbg里调试.NET虚拟机CLR的方法，以及设置源代码调试的步骤 第18讲CLR虚拟机及托管调试命令-应用程序域和装配件 讲解应用程序域（AppDomain）的知识以及它的使用场景 讲解装配件（Assembly）的知识 讲解在调试器里查看AppDomain和Assembly信息的方法 讲解在Assembly里混合C#、VB.NET以及Managed C++代码的方法，以及调试这种模块的方法 第19讲CLR虚拟机及托管调试命令-对象 讲解对象（Object）在.NET虚拟机里的实现方式 讲解在调试器里查看托管对象、数组内存布局的方法 讲解查看堆栈的方法 第20讲CLR虚拟机及托管调试命令-类型 讲解类型（Type）、泛型（Generics）和函数（Method）在.NET虚拟机里的实现方式 讲解在调试器里查看类型和函数内存布局以及信息的方法 讲解在windbg里调试托管程序设置断点的方法 第21讲CLR虚拟机及托管调试命令-线程 讲解线程在.NET虚拟机里的实现方式 讲解在调试器里查看线程信息的方法 讲解线程同步在.NET虚拟机里的实现方式，以及在调试器里查看同步信息的方法 讲解线程池的实现方式以及在调试器里查看相关信息的方法 第22讲CLR虚拟机及托管调试命令-GC 讲解垃圾回收（GC ）在.NET虚拟机里的实现方式； 查看GC相关信息的方法 解释Close和Dispose函数的实现与区别 讲解弱引用对象的原理和使用方法 .NET里的内存管理技巧 第23讲CLR虚拟机及托管调试命令-COM互操作与异常 解释COM对象与.NET互操作的原理 解释.NET异常的实现原理 从.NET里使用COM对象的方法 从COM里使用.NET对象的方法 调试在.NET程序里使用COM对象出现问题时的方法 第24讲托管调试其他工具（上） 讲解sosex命令的使用方法 调试.NET程序死锁的方法 调试.NET程序内存使用过多的方法，以及调试.NET程序内存的其他一些问题。 第25讲托管调试其他工具（下） 讲解psscor命令的使用方法 调试ASP.NET页面访问速度过慢的问题 演示ASP.NET缓存的使用方法 调试因使用ASP.NET缓存而导致内存不够的问题的方法 调试调用web服务出现OOM异常的方法 第26讲验尸调试 讲解验尸调试的原理，以及使用Visual studio、Windbg以及Adplus执行验尸调试的办法 设置企业内部用的自动收集错误报告服务器的方法。 第27讲Windbg调试自动化 使用windbg提供的脚本语言编写调试用脚本程序的方法，实现自动化的程序调试。,http://www.osforce.cn/course/247,instruction,collected_count,purchased_count
最主流的流程引擎。 如何才能更好地使用这个引擎，理解它的工作原理是唯一的、最有效的办法，应广大学员的要求，我们邀请了国内Activiti领域第一人（布道者）咖啡兔来讲解Activiti核心原理和技术，不容错过。 如果想系统地学习Activiti，大家课后可以阅读咖啡兔的最新力作《Activiti实战》（Activiti项目负责人力荐哦！）,课程大纲 1. Activiti组件划分 2. BPMN文件 3. DB模块划分 4. 设计模式 （1）命令模式 （2）拦截器模式 5. 事件处理器 （1）流程内事件 （2）全局事件 6. 命令处理机制与扩展 7. PVM原理,http://www.osforce.cn/course/308,instruction,collected_count,purchased_count
使用JBoss Data Grid打造弹性应用架构,免费,马平,,本期嘉宾：马平 红帽高级方案架构师，Java EE布道师 具有丰富的中间件解决方案经验，在企业应用开发框架方面有着较深的理解，专注于制造行业和大型企业。近年来，主要研究DevOps和弹性应用架构。 个人技术博客：maping930883.blogspot.com。,,No category path,/files/course/2014/07-23/091255761b9b003894.jpg?osf_v5.1.7,No video length,No start date,No end date,No expire date,no 3rd platform,no teacher rating,school URL,school Name,type,stars-5,(1人),173人,"课程背景 想知道JBoss Data Grid , Hadoop, Spark的区别吗？ 大数据如火如荼的进行中，怎能少得得了内存数据网格(In Memory Data Grid, IMDG)呢？ IMDG可以让你的应用飞起来。 内存数据网格已经成为大数据技术发展的一部分。Gartner 的研究表明：“IMDG市场份额正在迅速增长，并可能在 2016 年将达到 10 亿美元。” 作为世界领先的开源解决方案供应商红帽公司，JBoss Data Grid 是红帽旗下一款优秀的开源内存数据网格产品。 我们知道，在大数据时代，应用面临两项挑战： • 如何满足实时性要求很高的应用 ？ • 提高应用性能的同时，如何保证应用的弹性扩展？ 针对这两项挑战，JBoss Data Grid 的解决方案如下： • 确保通过简单访问可使用内存中的数据。 • 内存数据网格推动了极其快速、可扩展的读写性能。 • 在文件系统中自动持久化未使用的数据，或维护冗余内存节点，以确保高可靠性和容错能力。 • 在整个分布式集群中自动分发信息，网格将根据性能的需求变化而弹性扩展。",课程大纲 1. 弹性应用架构 2. 数据网格是什么？ 3. JBoss Data Grid 技术特性 4. 演示：CartMart Demo、GUI Demo 5. 适用场景 6. 成功案例,http://www.osforce.cn/course/207,instruction,collected_count,purchased_count
云计算之对象存储的技术选择,¥ 59.00,莫华枫,,本期嘉宾：莫华枫 产品总监 曾任职于盛大云，历任盛大云存储技术负责人，盛大云主机项目负责人，产品总监。,,No category path,/files/course/2013/12-06/1844491964a4300110.jpg?osf_v5.1.7,No video length,No start date,No end date,No expire date,no 3rd platform,no teacher rating,school URL,school Name,type,stars-0,(0人),381人,课程背景 对象存储作为云存储一种，具有很重要的作用。对象存储拥有高可靠性和高可用性，高度可扩展，按需使用，灵活方便。但对象存储的特性导致开发运维具有很高的难度，在技术上需要非常审慎地做出选择。本讲座根据实际开发中遇到的问题和经验，简单总结对象存储的技术方案的要点。,课程大纲 1.云存储1. 入门 2.技术特点 3.为什么是Key-Value 4.云存储和其他存储系统4. UI 5.云存储的技术要点,http://www.osforce.cn/course/65,instruction,collected_count,purchased_count
移动互联网研发团队的技术管理实践探讨,免费,胡长城,盛大网络“Youni短信”技术总监,本期嘉宾：胡长城 盛大网络“Youni短信”技术总监 盛大网络一名还经常写代码的技术总监，目前负责“Youni短信”移动应用的研发管理工作。从Youni短信的最开始的一名初创程序猿和架构狮，到目前负责研发的技术管理者，同时也作为团队中项目经理的导师，负责敏捷项目管理方法的推行。,,No category path,/files/course/2013/12-06/184259373f86996142.jpg?osf_v5.1.7,No video length,No start date,No end date,No expire date,no 3rd platform,no teacher rating,school URL,school Name,type,stars-5,(1人),845人,课程背景 在移动互联网的快速成长中，一个移动应用研发团队（5~30）人，如何进行更好的协作和管理。在产品发展和成长的不同阶段，会面临什么样的问题，如何更有效的解决，如何进行项目管理，如何提升团队战斗力。这是想与大家一起探讨和分享的。我在负责Youni短信研发工作中，经历初创团队的艰辛，也经历高速发展期的痛苦，更加经历了“鸿沟期”的挣扎，这些磨难、磨练、以及经验，与大家一同分享探讨借鉴。（适合参与者：小型研发团队，特别是在做移动互联网产品的研发团队中的任何技术人员，不论是技术管理者，还是程序员，还是测试，还是运维）,课程大纲 1，引言：移动互联网创新产品研发小团队，会大致经历哪些阶段（总括一下），Youni短信经历了哪些阶段。 2，初创期，我们遇到哪些问题，怎么解决和坚持过来的，也犯过哪些错误和疏漏 3，成长期，同上 4，鸿沟期，同上 5、探讨（可能是每一部分都会有小探讨）,http://www.osforce.cn/course/63,instruction,collected_count,purchased_count
从持续集成到持续交付,免费,韩锴,ThoughtWorks首席咨询师，中国区持续交付实践负责人，中国持续交付大会发起人。,  本期嘉宾：韩锴,,No category path,/files/course/2015/02-11/135542e3b60c587580.jpg?osf_v5.1.7,No video length,No start date,No end date,No expire date,no 3rd platform,no teacher rating,school URL,school Name,type,stars-0,(0人),252人,课程背景 持续集成（CI）是敏捷方法中几乎没有受到质疑的实践。国内有越来越多不同类型、不同规模的项目采用了CI。然后有很多团队在采用CI的时候，却走入了一些误区，导致CI的价值并没有被充分发挥出来。另外，国内外有很多互联网企业近年又提出了持续交付（CD）的概念，让产品和服务能够更快速地交付给用户使用。于是，很多组织和团队也开始跃跃欲试，准备将自己的CI实践扩展到CD实践。那么，从CI迈向CD需要做好哪些准备？哪些CI的问题是必须要解决的？我在这个课程中，将结合近几年在国内外实施的案例，对这个问题进行探讨。,课程大纲 1、分析现阶段国内大量团队在实施持续集成过程中常犯的错误 2、分析团队实施持续交付需要关注哪些问题、做出哪些转变，比如部署流水线的引入、自动化测试的升级、关注正确性到关注“Prod-Ready”的转变、交付反馈环的延伸等。,http://www.osforce.cn/course/320,instruction,collected_count,purchased_count
开源GIS,¥ 499.00,刘东良,开源GIS的推广者,本期嘉宾：刘东良 开源GIS的推广者 05年以来，长期关注开源GIS的发展和应用。,,No category path,/files/course/2015/03-31/1729200bfb20319942.jpg?osf_v5.1.7,No video length,No start date,No end date,No expire date,no 3rd platform,no teacher rating,school URL,school Name,type,stars-5,(2人),39人,课程背景 “2015年必将是物联网年！”微软、三星等科技界的商业巨头如是说，“物联网的概念已经在科技界提出多年，现在它终于准备起飞了！” 而在中国，物联网作为国家五大新兴战略性产业之一，更是被写入“政府工作报告”，其受重视程度不言而喻！ 物联网时代，作为建设智慧城市的基石之一的GIS必将乘风而起，目前国内各大高校都已陆续开设GIS相关课程，而国外针对GIS开发的软件和应用更是层出不穷，走在了国内的前面。 物联网时代，如果你有兴趣从事物联网相关的开发，这门课程相信你一定不能错过！,"课程大纲 第一章 开源GIS概述 1，GIS、空间分析 2， 自由软件、开源软件、FOSS、FOSS4G；GPL，X11/MIT 3， 开源GIS：研究开源GIS软件支持下的GIS空间分析功能的开发与实现。主要内容包括开源GIS软件研发、开源GIS数据共享、开源GIS文档规范、开源GIS项目实施等 4，开源GIS课程 5，开源GIS实验环境 实践操作： 1，QGIS的中国邻国查询 2，VBGIS：OSGeo LiveGIS 预期收获： 开源GIS的功能，VBGIS基本操作入门   第二章 开源空间数据库PG简介 1，PostgreSQL 简介 PostgreSQL历史77，最强大的开源数据库 安装配置：比较方便 许可： BSD 2，POSTGIS 简介 POSTGIS快速入门 PostGIS的Geometry数据类型 读写PostGIS数据 使用PostGIS函数 实践操作： 1，读写PostGIS数据 2，几何关系函数 3，几何分析函数 预期收获： 掌握空间数据库PG的基本应用   第三章 开源空间数据库PG高级应用 1，使用PostGIS扩展函数 2，建立PostGIS索引 3，PostGIS WKT Raster 实践操作： 1，使用PostGIS扩展函数：ftoc 2，建立PostGIS索引：Gist 3，PostGIS WKT Raster 预期收获： 掌握PostGIS的扩展应用   第四章 PG企业应用及其它开源空间数据库与评估 1，PG运维 备份 集群 2，其它开源空间数据库 pgRouting - Routing for PostGIS SpatiaLite - Lightweight Database Rasdaman - Multi-Dimensional Raster Database 3， 开源软件成熟度评估 实践操作： 1，PG备份、集群搭建 2，pgRouting、SpatiaLite演示 预期收获： 1，搭建企业应用PG集群 2，pgRouting功能演示   第五章 开源桌面GIS：GRASS矢量分析 1，介绍常见的开源桌面GIS软件 2，地理坐标，地图投影。栅格文件格式相关知识 3，重点介绍QGIS和GRASS中地图配准过程，理解地图配准的重要意义 4，GRASS的矢量分析TSP 5，GIS简单的数据采集，分析处理，结果存储的基本流程 实践操作： 1，QGIS和GRASS中地图配准过程 2，GRASS的矢量分析TSP 预期收获： 1，掌握地图配置 2，GIS矢量空间分析   第六章 开源桌面GIS：GRASS栅格分析 1，GRASS栅格分析功能 2，GRASS影像分析 3，GRASS可视化：动画地图 实践操作： 1，GRASS栅格分析功能 2，GRASS影像分析 3，GRASS可视化：动画地图 预期收获： GIS栅格分析   第七章 开源桌面GIS：GRASS与PG 1，GRASS数据与空间数据库的导入导出 2，GRASS开源开发和模块开发 实践操作： GRASS数据与PG的导入导出 预期收获： GRASS与PG链接操作   第八章 开源WEBGIS概述 1，WEBGIS应用，模式 2，开源WEBGIS简介 3，CGI模式WEBGIS基本原理 4，GeoMoose项目 实践操作： GeoMoose项目演示 预期收获： 掌握CGI模式，理解GeoMoose项目原理   第九章 开源WEBGIS：Mapserver 1，Mapserver项目（MIT） 2，Mapserver发布数据 3，MapServer的开发 CGI模式开发 MapScript脚本开发 4，Mapserver应用 Web地图渲染 专题地图发布 OpenSource MapGuide,GeoMoose 实践操作： 1，Mapserver发布数据 2，MapScript脚本开发 预期收获： 基于Mapserver进行WebGIS的应用与开发   第十章 开源WEBGIS：Geoserver 1，GeoServer项目简介 2，GeoServer系统分析 3，GeoServer数据发布 4，MapServer与GeoServer比较 实践操作： GeoServer发布数据 预期收获： 基于Mapserver进行WebGIS的应用与开发   第十一章 开源WEBGIS：SOA 1，OGC OpenGIS 2，OGC OWS 3， SOA WEBGIS 实践操作： WPS演示 预期收获： 基于SOA进行WebGIS的应用与开发   第十二章 开源移动GIS 1，开源移动GIS简介 2，gvSIG Mobile GIS 3，gvSIG Mobile DEMO 4，移动GIS开发模式 实践操作： gvSIG Mobile Pilot实测 预期收获： 基于gvSIG Mobile Pilot应用  ",http://www.osforce.cn/course/311,instruction,collected_count,purchased_count
Joomla3 建站系列教程,免费,hznupeter,joomla技术爱好者,本期嘉宾：hznupeter joomla技术爱好者 两年前学习joomla，发现很少有joomla的中文资料，学习joomla很不容易，于是萌生了录制joomla教程的想法，希望通过我的教程，能让喜欢joomla的朋友更快地上手。,,No category path,/files/course/2015/02-04/1808419f4207014832.jpg?osf_v5.1.7,No video length,No start date,No end date,No expire date,no 3rd platform,no teacher rating,school URL,school Name,type,stars-0,(0人),53人,"课程背景 本课程以joomla3.2.1为基础，由浅入深介绍joomla建站。 Joomla!是一套在国外相当知名的内容管理系统。Joomla!是使用PHP语言加上MySQL数据库所开发的软件系统，可以在Linux、 Windows、MacOSX等各种不同的平台上执行。目前是由Open Source Matters（见扩展阅读）这个开放源码组织进行开发与支持，这个组织的成员来自全世界各地，小组成员约有150人，包含了开发者、设计者、系统管理者、文件撰写者，以及超过2万名的参与会员。 Joomla实际有两个开源的东西： 1、Joomla内容管理系统即JoomlaCMS（Content Management System, CMS）。它是网站的一个基础管理平台。几乎适合从个人网站到百货销售类型的各类网站。 2、Joomla Platform（Joomla框架）。理论上来说它几乎无所不能，除了网站，还可以进行广泛的web开发、手机应用开发等等。",课程大纲 1、joomla简介 2、joomla环境配置 3、joomla安装与汉化 4、joomla全局设置 5、发布第一篇文章 6、备份和还原 7、插件介绍及安装方法 8、发布K2项目 9、编辑K2项目 10、K2项目的类别设置 11、K2项目设置 12、分享K2项目到社交网络 13、修改K2项目的日期格式 14、K2组件模板制作 15、K2模板介绍 16、K2模块介绍 17、K2内容模块 18、修改K2模块的样式 19、K2模块模板10:29 20、两款幻灯片扩展的介绍 21、如何汉化扩展 22、T3模板的介绍 23、T3布局介绍 24、T3全局设置 25、T3主题设置 26、T3导航设置 27、T3响应式布局 28、T3魔术主题 29、LESS简介 30、从LESS到CSS,http://www.osforce.cn/course/316,instruction,collected_count,purchased_count
交互设计，不只是界面,¥ 59.00,王伟,复旦视觉艺术新媒体学院教师,本期嘉宾：王伟 复旦视觉艺术新媒体学院教师 毕业于南京艺术学院，曾供职于焦点网，华东师范大学，现任复旦视觉艺术新媒体学院教师，研究领域HF、HCI。,,No category path,/files/course/2013/12-06/190031f6009a680517.jpg?osf_v5.1.7,No video length,No start date,No end date,No expire date,no 3rd platform,no teacher rating,school URL,school Name,type,stars-5,(1人),465人,课程背景 交互设计是一个跨学科的研究领域，涉及软件工程，人工智能、人类工程学、计算机语言学、认知科学、社会科学、图形学、信息学等多个领域。 从计算机科学发展史角度讲，交互设计的发展并不长，还处在一个快速发展的成长期。回顾历史，交互设计经历了一下若干阶段： 初创期（1929年-1970年）概念阶段 1960年，LikliderJCK首次提出“人际紧密共栖的概念，被视为人机界面的启蒙观点。 奠基期（1970年-1979年）进入产业阶段 1970年成立了两个HCI研究中心：一个是英国的Loughboough大学的HUSAT研究中心，另一个是美国Xerox公司的PaloAlto研究中心。 发展期（1980年-1995年）成为一个独立研究领域 理论方面，从人机工程学独立出来，强调认知心理学以及行为学和社会学等学科的理论指导。 实践范畴方面，强调计算机对于人的反馈交互作用。“人机界面”一词被“人机交互”所取代。 提高期（1996年-）认识方法创新阶段 人机交互的研究重点放到了智能化交互，多模态（多通道）-多媒体交互，虚拟交互以及人机协同交互等方面，也就是“以人为中心”的人机交互技术方面。 随着人们的生活设备逐步走向智能化。智能机器人、智能电视、智能面包机、智能冰箱等等逐步从生产领域走入普通家庭。人和物产生了一种全新的关系。人机交互将在此领域大放异彩。,课程大纲 1.交互设计可用性的定义 2.交互设计可用性生命周期 3.支持可用性的设计原则 4.交互设计可用性的评估方法 5.人机交互界面设计,http://www.osforce.cn/course/70,instruction,collected_count,purchased_count
口碑品牌的核心价值,¥ 59.00,张涵诚,,本期嘉宾：张涵诚 现在宇信智臻任副总裁 北大电子商务总裁班特聘讲师、大数据课题组主任、大数据创业联盟创始人、仁居餐饮公司创始人，中国计算机学会会员，从2010年开始，参与了5个”数据题材“的创业公司，曾为多家知名企业和创业公司做个性化推荐系统，用户体验、用户评价管理、社交企业、微博营销、CRM系统建设、创业咨询服务。,,No category path,/files/course/2014/08-26/201907b5100f830005.jpg?osf_v5.1.7,No video length,No start date,No end date,No expire date,no 3rd platform,no teacher rating,school URL,school Name,type,stars-0,(0人),56人,"课程背景 消费者的购买力十分强大,但是消费者也正在变得越来越智慧。他们更愿意相信来自其他顾客的产品评价和购物体验,而不是产品介绍和广告, “以消费者为中心”的时代，真实地到来了，消费者拥有了更多、更充分的信息，拥有了以低成本传播为特征的“口碑营销”的话语权，消费者对企业产品的功能、质量、服务等各综合指标的认知和评价 获取渠道空前: 我们身处一个社会化媒体时代,社交网络、微博、博客、论坛占据人们的生活,人们每天都在制造、传播和分享大量社会化媒体内容,当企业在努力挖掘存在于社交网站和微博之中的内容价值的时候,可能尚未意识到在各种社会化媒体内容之中,用户评价无疑是最有价值的内容之一，始善用这种含金量极高的社会化口碑内容,就可以将本来属于品牌和企业的无形资产转化为有形。",课程大纲 1.营销变革 2.口碑营销的定义 3.口碑的制造和传播 4.口碑的营销的模式 5.口碑营销案例 6.实战案例剖析 7.口碑营销误区,http://www.osforce.cn/course/218,instruction,collected_count,purchased_count
向搜狐学习如何设计PaaS公有云平台,¥ 59.00,张宇欣,搜狐PaaS平台首席架构师,本期嘉宾：张宇欣 搜狐PaaS平台首席架构师 具有10年软件开发经验，带领技术团队高质量完成了搜狐PaaS平台多个版本的设计和研发工作，近年来一直致力于通过PaaS整合搜狐内部产品运行环境，推进PaaS的高效实施。张宇欣加入搜狐之前，从事网络安全行业多年，对网络安全也有很深的造诣。,,No category path,/files/course/2014/06-18/101253541e1a838933.png?osf_v5.1.7,No video length,No start date,No end date,No expire date,no 3rd platform,no teacher rating,school URL,school Name,type,stars-4,(1人),386人,"课程背景 随着业务发展，互联网公司产生的各种内部接口、应用程序、活动页面、手机app等越来越多，这些程序部署复杂、相互关联、责任人分散并且生命周期不同。随着这些程序的增多，管理难度和资源损耗也在不断增大, 应用运维的难度随之增加。 之后在运维过程中不断积累了一些工具来帮助人去自动化完成应用运维工作，随着时间推移， 工具逐步演变成了一个PaaS平台，随着开发直接介入运维过程， 又产生了更多的冲突和需求， 本课程重点介绍我们曾经面临的问题、解决问题的工具、以及工具集演变为平台这个过程中设计背后的意图和目的是什么，技术上是如何完成的。",课程大纲 1.传统互联网应用运维的角色介绍和面临的早期现状 2.规范介绍 - 在应用运维中所需要的潜规则 3.主流paas的技术结构概述 4.PaaS的设计思路及实现手段 4.1 系统边界的定义 4.2 核心需求点的定义 4.3 集群配置和组件通信机制的设计：Zookeeper、REST和消息的应用 4.4 对LXC的包装 - Node Agent 4.5 对规则引擎的使用 - Master自定义调度 4.6 对接入服务的管理 - Service Gateway 4.7 对用户程序自描述的规范：app.yaml,http://www.osforce.cn/course/197,instruction,collected_count,purchased_count
4G-LTE技术原理与实战,¥ 59.00,arbang,电信设备系统架构师,,,No category path,/files/course/2014/03-26/1034124ae1e3064086.jpg?osf_v5.1.7,No video length,No start date,No end date,No expire date,no 3rd platform,no teacher rating,school URL,school Name,type,stars-0,(0人),178人,no desc,no outline,http://www.osforce.cn/course/134,instruction,collected_count,purchased_count
